clip,snr,vad_acc,offline_vdr,offline_rpa,offline_rca,offline_gross_err,offline_median_cents,realtime_vdr,realtime_rpa,realtime_rca,realtime_gross_err,realtime_median_cents
0,-5 dB,0.944,0.44191919191919193,0.96,0.96,0.04,19.783140182495117,0.40404040404040403,0.95,0.95,0.05,19.765491485595703
1,-5 dB,0.896,0.16331658291457288,0.0,0.0,1.0,119.36493682861328,0.1507537688442211,0.016666666666666666,0.016666666666666666,0.9833333333333333,119.36493682861328
2,-5 dB,0.998,0.8985507246376812,0.9650537634408602,0.9650537634408602,0.03494623655913978,19.77570915222168,0.8695652173913043,0.9666666666666667,0.9666666666666667,0.03333333333333333,19.737741470336914
3,-5 dB,0.946,0.4271356783919598,0.9411764705882353,0.9411764705882353,0.058823529411764705,19.570362091064453,0.41959798994974873,0.9221556886227545,0.9221556886227545,0.07784431137724551,19.573440551757812
4,-5 dB,0.966,0.0,nan,nan,nan,nan,0.0,nan,nan,nan,nan
5,-5 dB,0.984,0.49174917491749176,0.9664429530201343,0.9664429530201343,0.03355704697986577,19.567285537719727,0.5445544554455446,0.9515151515151515,0.9515151515151515,0.048484848484848485,19.567285537719727
6,-5 dB,0.536,0.0,nan,nan,nan,nan,0.0,nan,nan,nan,nan
7,-5 dB,0.548,0.07194244604316546,0.85,0.85,0.15,20.169536590576172,0.07194244604316546,0.85,0.85,0.15,19.925334930419922
8,-5 dB,0.956,0.8879781420765027,0.916923076923077,0.916923076923077,0.08307692307692308,19.942686080932617,0.8633879781420765,0.8955696202531646,0.8955696202531646,0.10443037974683544,19.942686080932617
9,-5 dB,0.924,0.4580335731414868,0.9685863874345549,0.9685863874345549,0.031413612565445025,19.823945999145508,0.4628297362110312,0.917098445595855,0.917098445595855,0.08290155440414508,19.823945999145508
10,-5 dB,0.752,0.0,nan,nan,nan,nan,0.0,nan,nan,nan,nan
11,-5 dB,0.698,0.0,nan,nan,nan,nan,0.0,nan,nan,nan,nan
12,-5 dB,0.64,0.16751269035532995,0.9848484848484849,0.9848484848484849,0.015151515151515152,19.573440551757812,0.16243654822335024,0.984375,0.984375,0.015625,19.74784278869629
13,-5 dB,0.972,0.5767045454545454,0.9458128078817734,0.9458128078817734,0.054187192118226604,19.952945709228516,0.53125,0.9251336898395722,0.9251336898395722,0.0748663101604278,19.952945709228516
14,-5 dB,0.144,0.0,nan,nan,nan,nan,0.0,nan,nan,nan,nan
15,-5 dB,0.932,0.655860349127182,0.9885931558935361,0.9885931558935361,0.011406844106463879,19.485427856445312,0.6483790523690773,0.9730769230769231,0.9730769230769231,0.026923076923076925,19.573440551757812
16,-5 dB,0.974,0.8780487804878049,0.9861111111111112,0.9861111111111112,0.013888888888888888,19.303794860839844,0.8634146341463415,0.9745762711864406,0.9745762711864406,0.025423728813559324,19.40767478942871
17,-5 dB,0.974,0.8698224852071006,0.9897959183673469,0.9897959183673469,0.01020408163265306,19.80357551574707,0.8224852071005917,0.9784172661870504,0.9784172661870504,0.02158273381294964,19.836769104003906
18,-5 dB,0.976,0.5705128205128205,0.9269662921348315,0.9269662921348315,0.07303370786516854,19.819440841674805,0.4775641025641026,0.9261744966442953,0.9261744966442953,0.0738255033557047,19.83050537109375
19,-5 dB,0.698,0.3531073446327684,1.0,1.0,0.0,19.54807472229004,0.3502824858757062,1.0,1.0,0.0,19.40767478942871
20,-5 dB,0.56,0.0,nan,nan,nan,nan,0.0,nan,nan,nan,nan
21,-5 dB,0.938,0.20681265206812652,0.9764705882352941,0.9764705882352941,0.023529411764705882,19.768447875976562,0.2116788321167883,0.896551724137931,0.896551724137931,0.10344827586206896,19.92131805419922
22,-5 dB,0.95,0.4,0.9637681159420289,0.9637681159420289,0.036231884057971016,19.72764015197754,0.4115942028985507,0.9295774647887324,0.9295774647887324,0.07042253521126761,19.849655151367188
23,-5 dB,0.856,0.7587006960556845,0.9755351681957186,0.9755351681957186,0.024464831804281346,19.473567962646484,0.7122969837587007,0.9739413680781759,0.9739413680781759,0.026058631921824105,19.473567962646484
24,-5 dB,0.846,0.0,nan,nan,nan,nan,0.0,nan,nan,nan,nan
25,-5 dB,0.816,0.10355029585798817,1.0,1.0,0.0,19.705047607421875,0.07100591715976332,1.0,1.0,0.0,10.072514533996582
26,-5 dB,0.948,0.8941441441441441,0.9571788413098237,0.9571788413098237,0.042821158690176324,20.284786224365234,0.8648648648648649,0.9557291666666666,0.9557291666666666,0.044270833333333336,20.31517791748047
27,-5 dB,0.462,0.0,nan,nan,nan,nan,0.0,nan,nan,nan,nan
28,-5 dB,0.002,0.0,nan,nan,nan,nan,0.0,nan,nan,nan,nan
29,-5 dB,0.904,0.25653206650831356,0.9537037037037037,0.9537037037037037,0.046296296296296294,20.661243438720703,0.2826603325415677,0.9243697478991597,0.9243697478991597,0.07563025210084033,20.661243438720703
30,-5 dB,0.994,0.9247058823529412,0.9949109414758269,0.9949109414758269,0.005089058524173028,0.59230637550354,0.92,0.9846547314578005,0.9846547314578005,0.015345268542199489,0.6352484226226807
31,-5 dB,0.754,0.07058823529411765,1.0,1.0,0.0,19.916980743408203,0.09647058823529411,0.926829268292683,0.926829268292683,0.07317073170731707,19.916980743408203
32,-5 dB,0.912,0.3468208092485549,0.9333333333333333,0.9333333333333333,0.06666666666666667,19.669979095458984,0.4393063583815029,0.8421052631578947,0.8421052631578947,0.15789473684210525,19.96818733215332
33,-5 dB,0.854,0.0,nan,nan,nan,nan,0.0,nan,nan,nan,nan
34,-5 dB,0.084,0.0,nan,nan,nan,nan,0.0,nan,nan,nan,nan
35,-5 dB,0.604,0.04918032786885246,0.75,0.75,0.25,19.92272186279297,0.020491803278688523,0.4,0.4,0.6,99.74351501464844
36,-5 dB,0.012,0.0,nan,nan,nan,nan,0.0,nan,nan,nan,nan
37,-5 dB,0.526,0.15829145728643215,1.0,1.0,0.0,0.6962569952011108,0.13819095477386933,1.0,1.0,0.0,0.6962569952011108
38,-5 dB,0.122,0.0,nan,nan,nan,nan,0.0025188916876574307,0.0,0.0,1.0,80.27838897705078
39,-5 dB,0.956,0.7275641025641025,0.947136563876652,0.947136563876652,0.05286343612334802,19.705047607421875,0.7019230769230769,0.9452054794520548,0.9452054794520548,0.0547945205479452,19.705047607421875
40,-5 dB,0.942,0.3598901098901099,0.9389312977099237,0.9389312977099237,0.061068702290076333,19.91338348388672,0.4175824175824176,0.9276315789473685,0.9276315789473685,0.07236842105263158,19.989273071289062
41,-5 dB,0.944,0.8588516746411483,0.958217270194986,0.958217270194986,0.04178272980501393,19.88759994506836,0.8181818181818182,0.9590643274853801,0.9590643274853801,0.04093567251461988,19.862184524536133
42,-5 dB,0.644,0.0196078431372549,0.0,0.0,1.0,679.747802734375,0.04481792717086835,0.0,0.0,1.0,659.5238647460938
43,-5 dB,0.994,0.8854748603351955,0.9873817034700315,0.9873817034700315,0.012618296529968454,0.6962569952011108,0.8631284916201117,0.9644012944983819,0.9644012944983819,0.03559870550161812,19.303794860839844
44,-5 dB,0.684,0.08184143222506395,1.0,1.0,0.0,0.5692873597145081,0.0741687979539642,1.0,1.0,0.0,0.5692873597145081
45,-5 dB,0.97,0.9132530120481928,0.9841688654353562,0.9841688654353562,0.0158311345646438,19.470333099365234,0.8530120481927711,0.9887005649717514,0.9887005649717514,0.011299435028248588,19.470333099365234
46,-5 dB,0.994,0.8934624697336562,0.983739837398374,0.983739837398374,0.016260162601626018,19.563840866088867,0.8692493946731235,0.9777158774373259,0.9777158774373259,0.022284122562674095,19.563840866088867
47,-5 dB,0.488,0.0,nan,nan,nan,nan,0.0,nan,nan,nan,nan
48,-5 dB,0.402,0.01366742596810934,1.0,1.0,0.0,10.000025749206543,0.01366742596810934,0.8333333333333334,0.8333333333333334,0.16666666666666666,10.000025749206543
49,-5 dB,0.816,0.0,nan,nan,nan,nan,0.0,nan,nan,nan,nan
50,-5 dB,0.996,0.8794326241134752,0.9354838709677419,0.9354838709677419,0.06451612903225806,19.545576095581055,0.8297872340425532,0.9316239316239316,0.9316239316239316,0.06837606837606838,19.705047607421875
51,-5 dB,0.996,0.315,0.9365079365079365,0.9365079365079365,0.06349206349206349,20.17625617980957,0.345,0.8985507246376812,0.8985507246376812,0.10144927536231885,20.17626953125
52,-5 dB,0.818,0.2727272727272727,0.98989898989899,0.98989898989899,0.010101010101010102,0.6113935708999634,0.2699724517906336,0.9795918367346939,0.9795918367346939,0.02040816326530612,9.999956130981445
53,-5 dB,0.804,0.03278688524590164,0.8333333333333334,0.8333333333333334,0.16666666666666666,20.030193328857422,0.06284153005464481,0.782608695652174,0.782608695652174,0.21739130434782608,20.50889015197754
54,-5 dB,0.458,0.0,nan,nan,nan,nan,0.0,nan,nan,nan,nan
55,-5 dB,0.88,0.38461538461538464,0.9785714285714285,0.9785714285714285,0.02142857142857143,19.527679443359375,0.3791208791208791,0.9492753623188406,0.9565217391304348,0.050724637681159424,19.72091293334961
56,-5 dB,0.838,0.15217391304347827,0.8888888888888888,0.8888888888888888,0.1111111111111111,20.04693603515625,0.13526570048309178,0.7857142857142857,0.7857142857142857,0.21428571428571427,20.47058868408203
57,-5 dB,0.984,0.9504373177842566,0.9601226993865031,0.9601226993865031,0.03987730061349693,0.6113935708999634,0.8892128279883382,0.9672131147540983,0.9672131147540983,0.03278688524590164,0.59230637550354
58,-5 dB,0.852,0.061170212765957445,0.8260869565217391,0.8260869565217391,0.17391304347826086,19.870378494262695,0.06382978723404255,0.7916666666666666,0.7916666666666666,0.20833333333333334,19.870378494262695
59,-5 dB,0.674,0.0,nan,nan,nan,nan,0.0,nan,nan,nan,nan
60,-5 dB,0.99,0.9380530973451328,0.9654088050314465,0.9654088050314465,0.03459119496855346,0.6761956214904785,0.8672566371681416,0.9761904761904762,0.9761904761904762,0.023809523809523808,0.59230637550354
61,-5 dB,0.984,0.8768328445747801,0.9230769230769231,0.9230769230769231,0.07692307692307693,19.473567962646484,0.8093841642228738,0.9311594202898551,0.9311594202898551,0.06884057971014493,19.430736541748047
62,-5 dB,0.388,0.0,nan,nan,nan,nan,0.0,nan,nan,nan,nan
63,-5 dB,0.952,0.6748466257668712,0.9409090909090909,0.9409090909090909,0.05909090909090909,10.052790641784668,0.647239263803681,0.9241706161137441,0.9241706161137441,0.07582938388625593,19.545576095581055
64,-5 dB,0.604,0.10714285714285714,0.8333333333333334,0.8333333333333334,0.16666666666666666,20.61152458190918,0.0663265306122449,0.8076923076923077,0.8076923076923077,0.19230769230769232,20.61152458190918
65,-5 dB,0.894,0.34050179211469533,0.8526315789473684,0.8526315789473684,0.14736842105263157,19.96818733215332,0.35842293906810035,0.7,0.7,0.3,20.100894927978516
66,-5 dB,0.574,0.0,nan,nan,nan,nan,0.0,nan,nan,nan,nan
67,-5 dB,1.0,0.5816733067729084,0.4589041095890411,0.4726027397260274,0.541095890410959,59.639217376708984,0.4940239043824701,0.4274193548387097,0.45161290322580644,0.5725806451612904,60.122867584228516
68,-5 dB,0.384,0.05394190871369295,0.0,0.38461538461538464,1.0,2380.047119140625,0.06639004149377593,0.0,0.5625,1.0,2370.23681640625
69,-5 dB,0.936,0.518324607329843,1.0,1.0,0.0,19.836769104003906,0.518324607329843,0.98989898989899,0.98989898989899,0.010101010101010102,19.836769104003906
70,-5 dB,0.602,0.8141592920353983,0.9782608695652174,0.9782608695652174,0.021739130434782608,19.40767478942871,0.7345132743362832,0.963855421686747,0.963855421686747,0.03614457831325301,19.40767478942871
71,-5 dB,0.988,0.8642297650130548,0.9697885196374623,0.9697885196374623,0.030211480362537766,20.10744285583496,0.8433420365535248,0.9628482972136223,0.9628482972136223,0.03715170278637771,20.123027801513672
72,-5 dB,0.504,0.0,nan,nan,nan,nan,0.0,nan,nan,nan,nan
73,-5 dB,0.914,0.4175257731958763,0.9753086419753086,0.9753086419753086,0.024691358024691357,19.832923889160156,0.46134020618556704,0.9385474860335196,0.9385474860335196,0.061452513966480445,19.88759994506836
74,-5 dB,0.9,0.47506561679790027,0.9116022099447514,0.9116022099447514,0.08839779005524862,20.06119728088379,0.5170603674540682,0.8883248730964467,0.8883248730964467,0.1116751269035533,20.06119728088379
75,-5 dB,0.796,0.29110512129380056,0.7685185185185185,0.7685185185185185,0.23148148148148148,29.927568435668945,0.215633423180593,0.7,0.7,0.3,20.19646453857422
76,-5 dB,0.946,0.5231481481481481,0.9823008849557522,0.9823008849557522,0.017699115044247787,19.430736541748047,0.5324074074074074,0.9739130434782609,0.9739130434782609,0.02608695652173913,19.473567962646484
77,-5 dB,0.992,0.391025641025641,0.9508196721311475,0.9508196721311475,0.04918032786885246,19.866384506225586,0.3141025641025641,0.9081632653061225,0.9081632653061225,0.09183673469387756,19.866384506225586
78,-5 dB,0.98,0.0,nan,nan,nan,nan,0.0,nan,nan,nan,nan
79,-5 dB,0.192,0.0,nan,nan,nan,nan,0.0,nan,nan,nan,nan
80,-5 dB,0.866,0.06451612903225806,0.95,0.95,0.05,19.596403121948242,0.08709677419354839,1.0,1.0,0.0,19.573440551757812
81,-5 dB,0.944,0.9216216216216216,0.967741935483871,0.967741935483871,0.03225806451612903,19.430736541748047,0.8918918918918919,0.9727272727272728,0.9727272727272728,0.02727272727272727,19.40767478942871
82,-5 dB,0.728,0.0,nan,nan,nan,nan,0.0,nan,nan,nan,nan
83,-5 dB,0.98,0.662870159453303,0.9450171821305842,0.9450171821305842,0.054982817869415807,19.470333099365234,0.5785876993166287,0.9488188976377953,0.9488188976377953,0.051181102362204724,19.470333099365234
84,-5 dB,0.788,0.02056555269922879,1.0,1.0,0.0,20.169536590576172,0.02056555269922879,0.875,0.875,0.125,20.169536590576172
85,-5 dB,0.968,0.9192200557103064,0.9484848484848485,0.9484848484848485,0.051515151515151514,19.567285537719727,0.8913649025069638,0.95,0.95,0.05,19.565563201904297
86,-5 dB,0.988,0.8540540540540541,0.9082278481012658,0.9082278481012658,0.09177215189873418,20.057334899902344,0.7756756756756756,0.9163763066202091,0.9163763066202091,0.08362369337979095,20.057334899902344
87,-5 dB,0.83,0.05507246376811594,1.0,1.0,0.0,20.36062240600586,0.11304347826086956,0.9487179487179487,0.9487179487179487,0.05128205128205128,19.916980743408203
88,-5 dB,0.98,0.9385749385749386,0.9214659685863874,0.9214659685863874,0.07853403141361257,19.916980743408203,0.8697788697788698,0.9152542372881356,0.9152542372881356,0.0847457627118644,19.916980743408203
89,-5 dB,0.966,0.0,nan,nan,nan,nan,0.0,nan,nan,nan,nan
90,-5 dB,0.126,0.0,nan,nan,nan,nan,0.0,nan,nan,nan,nan
91,-5 dB,0.646,0.0,nan,nan,nan,nan,0.0,nan,nan,nan,nan
92,-5 dB,0.97,0.0,nan,nan,nan,nan,0.0,nan,nan,nan,nan
93,-5 dB,0.672,0.0,nan,nan,nan,nan,0.0,nan,nan,nan,nan
94,-5 dB,0.744,0.0,nan,nan,nan,nan,0.002583979328165375,0.0,1.0,1.0,1160.25244140625
95,-5 dB,0.988,0.8310991957104558,0.9709677419354839,0.9709677419354839,0.02903225806451613,19.829978942871094,0.7935656836461126,0.9695945945945946,0.9695945945945946,0.030405405405405407,19.82945442199707
96,-5 dB,0.91,0.0,nan,nan,nan,nan,0.0,nan,nan,nan,nan
97,-5 dB,0.968,0.9245742092457421,0.9526315789473684,0.9526315789473684,0.04736842105263158,19.74570083618164,0.9075425790754258,0.9463806970509383,0.9463806970509383,0.05361930294906166,19.74355697631836
98,-5 dB,0.956,0.421875,1.0,1.0,0.0,19.563840866088867,0.415625,0.9924812030075187,0.9924812030075187,0.007518796992481203,19.563840866088867
99,-5 dB,0.894,0.3888888888888889,0.974025974025974,0.974025974025974,0.025974025974025976,19.721723556518555,0.3611111111111111,0.951048951048951,0.951048951048951,0.04895104895104895,19.567285537719727
100,+0 dB,0.91,0.0,nan,nan,nan,nan,0.09547738693467336,0.8947368421052632,0.8947368421052632,0.10526315789473684,19.470333099365234
101,+0 dB,0.454,0.0,nan,nan,nan,nan,0.0,nan,nan,nan,nan
102,+0 dB,0.444,0.0,nan,nan,nan,nan,0.013192612137203167,0.2,0.2,0.8,59.833011627197266
103,+0 dB,0.964,0.8597285067873304,0.9789473684210527,0.9789473684210527,0.021052631578947368,19.596403121948242,0.8144796380090498,0.9888888888888889,0.9888888888888889,0.011111111111111112,19.596403121948242
104,+0 dB,0.622,0.28994082840236685,0.9387755102040817,0.9387755102040817,0.061224489795918366,20.279279708862305,0.2988165680473373,0.8316831683168316,0.8316831683168316,0.16831683168316833,20.432662963867188
105,+0 dB,0.582,0.10283687943262411,0.0,0.034482758620689655,1.0,120.3606948852539,0.11702127659574468,0.0,0.030303030303030304,1.0,139.87704467773438
106,+0 dB,0.918,0.649867374005305,1.0,1.0,0.0,19.989273071289062,0.6259946949602122,0.9703389830508474,0.9703389830508474,0.029661016949152543,19.952945709228516
107,+0 dB,0.764,0.0,nan,nan,nan,nan,0.0,nan,nan,nan,nan
108,+0 dB,0.444,0.0,nan,nan,nan,nan,0.0,nan,nan,nan,nan
109,+0 dB,0.99,0.8543046357615894,0.8875968992248062,0.8875968992248062,0.1124031007751938,20.43613052368164,0.7880794701986755,0.8781512605042017,0.8781512605042017,0.12184873949579832,20.43613052368164
110,+0 dB,0.612,0.0,nan,nan,nan,nan,0.023255813953488372,0.7777777777777778,0.7777777777777778,0.2222222222222222,19.573440551757812
111,+0 dB,0.984,0.3900414937759336,1.0,1.0,0.0,0.514682948589325,0.37344398340248963,0.9555555555555556,0.9555555555555556,0.044444444444444446,0.514682948589325
112,+0 dB,0.974,0.7388235294117647,0.9777070063694268,0.9777070063694268,0.022292993630573247,19.303794860839844,0.7129411764705882,0.976897689768977,0.976897689768977,0.0231023102310231,0.6962569952011108
113,+0 dB,0.57,0.0,nan,nan,nan,nan,0.0,nan,nan,nan,nan
114,+0 dB,0.608,0.055762081784386616,1.0,1.0,0.0,39.94264221191406,0.06319702602230483,0.47058823529411764,0.47058823529411764,0.5294117647058824,59.338706970214844
115,+0 dB,0.846,0.33992094861660077,0.7674418604651163,0.7674418604651163,0.23255813953488372,20.212371826171875,0.2450592885375494,0.7580645161290323,0.7580645161290323,0.24193548387096775,20.294986724853516
116,+0 dB,0.978,0.9429928741092637,0.9748110831234257,0.9748110831234257,0.02518891687657431,0.59230637550354,0.9073634204275535,0.9738219895287958,0.9764397905759162,0.02617801047120419,0.5106583833694458
117,+0 dB,0.978,0.8823529411764706,0.8694444444444445,0.8694444444444445,0.13055555555555556,20.057334899902344,0.8504901960784313,0.8472622478386167,0.8472622478386167,0.15273775216138327,20.057334899902344
118,+0 dB,0.984,0.42039800995024873,0.9644970414201184,0.9644970414201184,0.03550295857988166,19.819440841674805,0.39800995024875624,0.95625,0.95625,0.04375,19.828105926513672
119,+0 dB,0.994,0.9198966408268734,0.9719101123595506,0.9719101123595506,0.028089887640449437,19.573440551757812,0.9095607235142119,0.9659090909090909,0.9659090909090909,0.03409090909090909,19.573440551757812
120,+0 dB,0.904,0.0,nan,nan,nan,nan,0.0,nan,nan,nan,nan
121,+0 dB,0.988,0.5865384615384616,0.9398907103825137,0.9398907103825137,0.060109289617486336,19.704381942749023,0.47435897435897434,0.9391891891891891,0.9391891891891891,0.060810810810810814,19.71305274963379
122,+0 dB,0.902,0.3504043126684636,0.6615384615384615,0.6615384615384615,0.3384615384615385,39.84845733642578,0.3504043126684636,0.6,0.6,0.4,39.91923522949219
123,+0 dB,0.954,0.8579545454545454,0.9801324503311258,0.9801324503311258,0.019867549668874173,19.54807472229004,0.8352272727272727,0.9727891156462585,0.9727891156462585,0.027210884353741496,19.54807472229004
124,+0 dB,0.964,0.0,nan,nan,nan,nan,0.0,nan,nan,nan,nan
125,+0 dB,0.964,0.8596938775510204,0.9703264094955489,0.9703264094955489,0.02967359050445104,19.430736541748047,0.8035714285714286,0.9682539682539683,0.9682539682539683,0.031746031746031744,19.523868560791016
126,+0 dB,0.998,0.5721925133689839,0.9252336448598131,0.9252336448598131,0.07476635514018691,0.6113935708999634,0.5401069518716578,0.900990099009901,0.900990099009901,0.09900990099009901,0.6352484226226807
127,+0 dB,0.982,0.8277777777777777,0.9899328859060402,0.9899328859060402,0.010067114093959731,0.4362306296825409,0.7333333333333333,0.9696969696969697,0.9696969696969697,0.030303030303030304,0.3559674918651581
128,+0 dB,0.54,0.18725099601593626,0.851063829787234,0.851063829787234,0.14893617021276595,19.832923889160156,0.199203187250996,0.78,0.78,0.22,19.88759994506836
129,+0 dB,0.978,0.7375,0.9830508474576272,0.9830508474576272,0.01694915254237288,0.6962569952011108,0.7375,0.9728813559322034,0.9728813559322034,0.02711864406779661,0.691025972366333
130,+0 dB,0.964,0.8181818181818182,0.9794238683127572,0.9794238683127572,0.0205761316872428,0.5263932347297668,0.797979797979798,0.9704641350210971,0.9704641350210971,0.029535864978902954,0.5263932347297668
131,+0 dB,0.68,0.535593220338983,0.9430379746835443,0.9430379746835443,0.056962025316455694,19.523868560791016,0.5220338983050847,0.9090909090909091,0.9090909090909091,0.09090909090909091,19.51682472229004
132,+0 dB,0.148,0.0,nan,nan,nan,nan,0.0,nan,nan,nan,nan
133,+0 dB,0.828,0.05509641873278237,1.0,1.0,0.0,19.916980743408203,0.06336088154269973,0.9130434782608695,0.9130434782608695,0.08695652173913043,19.740903854370117
134,+0 dB,0.976,0.6836461126005362,0.9647058823529412,0.9647058823529412,0.03529411764705882,20.17070770263672,0.6353887399463807,0.9662447257383966,0.9662447257383966,0.03375527426160337,20.17070770263672
135,+0 dB,0.23,0.0,nan,nan,nan,nan,0.0,nan,nan,nan,nan
136,+0 dB,0.614,0.2289156626506024,0.881578947368421,0.881578947368421,0.11842105263157894,20.16637420654297,0.21084337349397592,0.8428571428571429,0.8428571428571429,0.15714285714285714,20.169536590576172
137,+0 dB,0.854,0.24358974358974358,0.968421052631579,0.968421052631579,0.031578947368421054,19.573440551757812,0.25384615384615383,0.9090909090909091,0.9090909090909091,0.09090909090909091,19.72091293334961
138,+0 dB,0.952,0.4233983286908078,0.9539473684210527,0.9539473684210527,0.046052631578947366,19.50539779663086,0.46518105849582175,0.9341317365269461,0.9341317365269461,0.0658682634730539,19.50539779663086
139,+0 dB,0.956,0.8066666666666666,0.9793388429752066,0.9793388429752066,0.02066115702479339,0.4362306296825409,0.7933333333333333,0.9789915966386554,0.9789915966386554,0.02100840336134454,0.4362306296825409
140,+0 dB,0.852,0.22632794457274827,0.9591836734693877,0.9591836734693877,0.04081632653061224,19.397777557373047,0.21478060046189376,0.978494623655914,0.978494623655914,0.021505376344086023,19.54807472229004
141,+0 dB,0.886,0.09734513274336283,0.13636363636363635,0.13636363636363635,0.8636363636363636,119.30913543701172,0.09734513274336283,0.4090909090909091,0.4090909090909091,0.5909090909090909,119.87031555175781
142,+0 dB,0.878,0.44041450777202074,0.9411764705882353,0.9411764705882353,0.058823529411764705,19.932003021240234,0.4170984455958549,0.937888198757764,0.937888198757764,0.062111801242236024,19.942686080932617
143,+0 dB,0.91,0.07523510971786834,1.0,1.0,0.0,19.684904098510742,0.07836990595611286,1.0,1.0,0.0,19.684904098510742
144,+0 dB,0.862,0.5606796116504854,0.974025974025974,0.974025974025974,0.025974025974025976,19.721723556518555,0.5655339805825242,0.9484978540772532,0.9484978540772532,0.05150214592274678,19.783140182495117
145,+0 dB,0.692,0.20771513353115728,1.0,1.0,0.0,19.309110641479492,0.21364985163204747,0.9305555555555556,0.9305555555555556,0.06944444444444445,19.384716033935547
146,+0 dB,0.604,0.0,nan,nan,nan,nan,0.0,nan,nan,nan,nan
147,+0 dB,0.764,0.0,nan,nan,nan,nan,0.0,nan,nan,nan,nan
148,+0 dB,0.986,0.3146417445482866,0.9702970297029703,0.9702970297029703,0.0297029702970297,19.952945709228516,0.3426791277258567,0.9272727272727272,0.9272727272727272,0.07272727272727272,20.123027801513672
149,+0 dB,0.0,0.0,nan,nan,nan,nan,0.0,nan,nan,nan,nan
150,+0 dB,0.958,0.4029126213592233,0.8433734939759037,0.8433734939759037,0.1566265060240964,19.952945709228516,0.28640776699029125,0.7796610169491526,0.7796610169491526,0.22033898305084745,20.129758834838867
151,+0 dB,0.986,0.8446866485013624,0.9838709677419355,0.9838709677419355,0.016129032258064516,19.470333099365234,0.8065395095367848,0.972972972972973,0.972972972972973,0.02702702702702703,19.470333099365234
152,+0 dB,0.288,0.0,nan,nan,nan,nan,0.022988505747126436,1.0,1.0,0.0,20.028881072998047
153,+0 dB,0.67,0.3194029850746269,1.0,1.0,0.0,19.338695526123047,0.31044776119402984,0.9903846153846154,0.9903846153846154,0.009615384615384616,19.338695526123047
154,+0 dB,0.982,0.898936170212766,0.9733727810650887,0.9733727810650887,0.026627218934911243,19.40767478942871,0.8962765957446809,0.973293768545994,0.973293768545994,0.026706231454005934,19.40767478942871
155,+0 dB,0.994,0.0,nan,nan,nan,nan,0.0,nan,nan,nan,nan
156,+0 dB,0.672,0.01634877384196185,1.0,1.0,0.0,19.823945999145508,0.051771117166212535,0.9473684210526315,0.9473684210526315,0.05263157894736842,19.91338348388672
157,+0 dB,0.876,0.0,nan,nan,nan,nan,0.0,nan,nan,nan,nan
158,+0 dB,0.902,0.0,nan,nan,nan,nan,0.0,nan,nan,nan,nan
159,+0 dB,0.836,0.0,nan,nan,nan,nan,0.0,nan,nan,nan,nan
160,+0 dB,0.984,0.9243902439024391,0.9736147757255936,0.9736147757255936,0.026385224274406333,19.303794860839844,0.8951219512195122,0.9727520435967303,0.9727520435967303,0.027247956403269755,19.303794860839844
161,+0 dB,0.994,0.5440613026819924,0.8380281690140845,0.8450704225352113,0.1619718309859155,19.96818733215332,0.4789272030651341,0.848,0.848,0.152,19.96818733215332
162,+0 dB,0.952,0.8844339622641509,0.9813333333333333,0.9813333333333333,0.018666666666666668,0.5294880270957947,0.8490566037735849,0.9722222222222222,0.9722222222222222,0.027777777777777776,0.5294880270957947
163,+0 dB,0.986,0.5259067357512953,0.9507389162561576,0.9507389162561576,0.04926108374384237,19.989273071289062,0.48186528497409326,0.9247311827956989,0.9247311827956989,0.07526881720430108,19.960567474365234
164,+0 dB,0.964,0.4328767123287671,0.9367088607594937,0.9367088607594937,0.06329113924050633,19.734783172607422,0.39452054794520547,0.9166666666666666,0.9166666666666666,0.08333333333333333,19.80357551574707
165,+0 dB,0.986,0.734375,0.9716312056737588,0.9716312056737588,0.028368794326241134,0.514682948589325,0.6536458333333334,0.9760956175298805,0.9760956175298805,0.02390438247011952,0.514682948589325
166,+0 dB,0.592,0.0049382716049382715,1.0,1.0,0.0,10.001279830932617,0.007407407407407408,1.0,1.0,0.0,19.832923889160156
167,+0 dB,0.58,0.0,nan,nan,nan,nan,0.0,nan,nan,nan,nan
168,+0 dB,0.982,0.8191214470284238,0.9400630914826499,0.9400630914826499,0.05993690851735016,19.989273071289062,0.8242894056847545,0.9310344827586207,0.9310344827586207,0.06896551724137931,19.989273071289062
169,+0 dB,0.842,0.5392953929539296,0.9095477386934674,0.9095477386934674,0.09045226130653267,19.823720932006836,0.48509485094850946,0.9050279329608939,0.9162011173184358,0.09497206703910614,19.91338348388672
170,+0 dB,0.412,0.0,nan,nan,nan,nan,0.0,nan,nan,nan,nan
171,+0 dB,0.974,0.538961038961039,0.8734939759036144,0.8734939759036144,0.12650602409638553,19.596403121948242,0.4707792207792208,0.8620689655172413,0.8620689655172413,0.13793103448275862,19.573440551757812
172,+0 dB,0.99,0.0,nan,nan,nan,nan,0.0,nan,nan,nan,nan
173,+0 dB,0.94,0.0,nan,nan,nan,nan,0.06484641638225255,0.8421052631578947,0.8421052631578947,0.15789473684210525,20.490177154541016
174,+0 dB,0.516,0.11982570806100218,0.9454545454545454,0.9454545454545454,0.05454545454545454,19.80357551574707,0.12418300653594772,0.9649122807017544,0.9649122807017544,0.03508771929824561,19.80357551574707
175,+0 dB,0.65,0.5396825396825397,0.9764705882352941,0.9764705882352941,0.023529411764705882,19.88759994506836,0.546031746031746,0.9767441860465116,0.9767441860465116,0.023255813953488372,19.938608169555664
176,+0 dB,0.916,0.23170731707317074,0.9298245614035088,0.9298245614035088,0.07017543859649122,19.57072639465332,0.2073170731707317,0.9803921568627451,0.9803921568627451,0.0196078431372549,19.54807472229004
177,+0 dB,0.986,0.05776173285198556,1.0,1.0,0.0,0.514682948589325,0.05415162454873646,0.9333333333333333,0.9333333333333333,0.06666666666666667,0.514682948589325
178,+0 dB,0.948,0.8617021276595744,0.941358024691358,0.941358024691358,0.05864197530864197,19.69032859802246,0.8430851063829787,0.9337539432176656,0.9337539432176656,0.06624605678233439,19.670398712158203
179,+0 dB,0.79,0.691358024691358,0.9940476190476191,0.9940476190476191,0.005952380952380952,19.430736541748047,0.6378600823045267,0.9612903225806452,0.9612903225806452,0.03870967741935484,19.596403121948242
180,+0 dB,0.688,0.0,nan,nan,nan,nan,0.0,nan,nan,nan,nan
181,+0 dB,0.212,0.0,nan,nan,nan,nan,0.0,nan,nan,nan,nan
182,+0 dB,0.474,0.0,nan,nan,nan,nan,0.0,nan,nan,nan,nan
183,+0 dB,0.986,0.0,nan,nan,nan,nan,0.0045045045045045045,0.0,0.0,1.0,379.6392822265625
184,+0 dB,0.98,0.42035398230088494,0.9789473684210527,0.9789473684210527,0.021052631578947368,19.938608169555664,0.45132743362831856,0.9705882352941176,0.9705882352941176,0.029411764705882353,19.753978729248047
185,+0 dB,0.966,0.07608695652173914,0.7142857142857143,0.7142857142857143,0.2857142857142857,19.96818733215332,0.07971014492753623,0.6818181818181818,0.6818181818181818,0.3181818181818182,20.086511611938477
186,+0 dB,0.884,0.8433420365535248,0.9845201238390093,0.9845201238390093,0.015479876160990712,0.6962569952011108,0.825065274151436,0.9715189873417721,0.9715189873417721,0.028481012658227847,10.000025749206543
187,+0 dB,0.98,0.4897959183673469,0.9583333333333334,0.9583333333333334,0.041666666666666664,19.704381942749023,0.4846938775510204,0.9631578947368421,0.9631578947368421,0.03684210526315789,19.70977783203125
188,+0 dB,0.838,0.25692695214105793,1.0,1.0,0.0,19.563840866088867,0.27455919395465994,0.9908256880733946,0.9908256880733946,0.009174311926605505,19.563840866088867
189,+0 dB,0.884,0.5251396648044693,0.9148936170212766,0.9148936170212766,0.0851063829787234,20.10744285583496,0.4972067039106145,0.9382022471910112,0.9382022471910112,0.06179775280898876,20.10744285583496
190,+0 dB,0.86,0.0,nan,nan,nan,nan,0.0,nan,nan,nan,nan
191,+0 dB,0.996,0.5351089588377724,0.9502262443438914,0.9502262443438914,0.049773755656108594,19.40767478942871,0.48184019370460046,0.9447236180904522,0.9447236180904522,0.05527638190954774,19.309110641479492
192,+0 dB,0.702,0.2697841726618705,0.9866666666666667,0.9866666666666667,0.013333333333333334,19.74784278869629,0.25539568345323743,0.971830985915493,0.971830985915493,0.028169014084507043,19.74784278869629
193,+0 dB,0.988,0.9064171122994652,0.9410029498525073,0.9410029498525073,0.058997050147492625,19.563840866088867,0.8636363636363636,0.934984520123839,0.934984520123839,0.06501547987616099,19.563840866088867
194,+0 dB,0.992,0.7372262773722628,0.9801980198019802,0.9801980198019802,0.019801980198019802,19.491140365600586,0.6690997566909975,0.9745454545454545,0.9745454545454545,0.025454545454545455,19.491140365600586
195,+0 dB,0.646,0.06593406593406594,0.9166666666666666,0.9166666666666666,0.08333333333333333,30.136560440063477,0.04945054945054945,0.8888888888888888,0.8888888888888888,0.1111111111111111,20.529541015625
196,+0 dB,0.982,0.9257425742574258,0.946524064171123,0.946524064171123,0.053475935828877004,19.573440551757812,0.8787128712871287,0.9408450704225352,0.9408450704225352,0.059154929577464786,19.573440551757812
197,+0 dB,0.974,0.9465478841870824,0.9929411764705882,0.9929411764705882,0.007058823529411765,0.6962569952011108,0.9064587973273942,0.995085995085995,0.995085995085995,0.004914004914004914,0.6962569952011108
198,+0 dB,0.208,0.0,nan,nan,nan,nan,0.0,nan,nan,nan,nan
199,+0 dB,0.976,0.803921568627451,0.9542682926829268,0.9542682926829268,0.04573170731707317,19.712980270385742,0.7769607843137255,0.9305993690851735,0.9305993690851735,0.0694006309148265,19.705047607421875
200,+5 dB,0.732,0.033783783783783786,1.0,1.0,0.0,40.028648376464844,0.030405405405405407,1.0,1.0,0.0,39.887786865234375
201,+5 dB,1.0,0.23868312757201646,0.603448275862069,0.603448275862069,0.39655172413793105,40.635189056396484,0.23868312757201646,0.6379310344827587,0.6379310344827587,0.3620689655172414,40.52638626098633
202,+5 dB,0.994,0.3355263157894737,0.6862745098039216,0.6862745098039216,0.3137254901960784,39.8238525390625,0.3684210526315789,0.7142857142857143,0.7142857142857143,0.2857142857142857,39.8238525390625
203,+5 dB,0.934,0.2966507177033493,1.0,1.0,0.0,19.49005699157715,0.22966507177033493,0.9583333333333334,0.9583333333333334,0.041666666666666664,0.36589542031288147
204,+5 dB,0.972,0.0,nan,nan,nan,nan,0.0038910505836575876,0.0,0.0,1.0,780.6115112304688
205,+5 dB,0.982,0.5813953488372093,1.0,1.0,0.0,0.3151123523712158,0.5813953488372093,1.0,1.0,0.0,0.3151123523712158
206,+5 dB,0.866,0.42028985507246375,0.993103448275862,0.993103448275862,0.006896551724137931,19.83050537109375,0.39420289855072466,0.9632352941176471,0.9632352941176471,0.03676470588235294,19.860261917114258
207,+5 dB,0.97,0.5342465753424658,0.9615384615384616,0.9615384615384616,0.038461538461538464,19.565563201904297,0.4315068493150685,0.9285714285714286,0.9285714285714286,0.07142857142857142,19.80357551574707
208,+5 dB,0.978,0.9046454767726161,0.9891891891891892,0.9891891891891892,0.010810810810810811,19.836769104003906,0.8533007334963325,0.9799426934097422,0.9799426934097422,0.02005730659025788,19.836769104003906
209,+5 dB,0.97,0.5830618892508144,0.9497206703910615,0.9497206703910615,0.05027932960893855,19.72091293334961,0.50814332247557,0.9294871794871795,0.9294871794871795,0.07051282051282051,19.892498016357422
210,+5 dB,0.966,0.14108910891089108,0.9122807017543859,0.9122807017543859,0.08771929824561403,19.952945709228516,0.12376237623762376,0.82,0.82,0.18,20.490177154541016
211,+5 dB,0.962,0.4797979797979798,0.9894736842105263,0.9894736842105263,0.010526315789473684,19.40767478942871,0.48737373737373735,0.9637305699481865,0.9637305699481865,0.03626943005181347,19.40767478942871
212,+5 dB,0.906,0.14285714285714285,0.9607843137254902,0.9607843137254902,0.0392156862745098,19.573440551757812,0.14285714285714285,0.9411764705882353,0.9411764705882353,0.058823529411764705,19.573440551757812
213,+5 dB,0.956,0.8195488721804511,0.9694189602446484,0.9694189602446484,0.03058103975535168,0.5294880270957947,0.7969924812030075,0.9591194968553459,0.9591194968553459,0.040880503144654086,19.485427856445312
214,+5 dB,0.82,0.0,nan,nan,nan,nan,0.0,nan,nan,nan,nan
215,+5 dB,0.792,0.0,nan,nan,nan,nan,0.049723756906077346,0.7777777777777778,0.7777777777777778,0.2222222222222222,20.319324493408203
216,+5 dB,0.762,0.036734693877551024,1.0,1.0,0.0,20.08301544189453,0.02857142857142857,1.0,1.0,0.0,20.08301544189453
217,+5 dB,0.98,0.7324324324324324,0.992619926199262,0.992619926199262,0.007380073800738007,0.6962569952011108,0.6972972972972973,0.9922480620155039,0.9922480620155039,0.007751937984496124,0.6962569952011108
218,+5 dB,0.988,0.8963730569948186,0.9739884393063584,0.9739884393063584,0.02601156069364162,19.50539779663086,0.8601036269430051,0.9759036144578314,0.9759036144578314,0.024096385542168676,19.514633178710938
219,+5 dB,0.926,0.819672131147541,0.9733333333333334,0.9733333333333334,0.02666666666666667,19.528926849365234,0.7486338797814208,0.9708029197080292,0.9708029197080292,0.029197080291970802,19.338695526123047
220,+5 dB,0.852,0.5346534653465347,0.9953703703703703,0.9953703703703703,0.004629629629629629,19.563840866088867,0.4777227722772277,0.9585492227979274,0.9585492227979274,0.04145077720207254,19.567285537719727
221,+5 dB,0.976,0.7275541795665634,0.9617021276595744,0.9617021276595744,0.03829787234042553,19.783140182495117,0.6718266253869969,0.9585253456221198,0.9585253456221198,0.041474654377880185,19.704381942749023
222,+5 dB,0.992,0.9781818181818182,0.9962825278810409,0.9962825278810409,0.0037174721189591076,0.3151123523712158,0.9781818181818182,0.9925650557620818,0.9925650557620818,0.007434944237918215,0.3151123523712158
223,+5 dB,0.838,0.0962566844919786,0.9444444444444444,0.9444444444444444,0.05555555555555555,0.6613652110099792,0.11497326203208556,0.9534883720930233,0.9534883720930233,0.046511627906976744,0.6613652110099792
224,+5 dB,0.978,0.8976377952755905,0.956140350877193,0.956140350877193,0.043859649122807015,19.73263931274414,0.8267716535433071,0.9666666666666667,0.9666666666666667,0.03333333333333333,19.721723556518555
225,+5 dB,0.932,0.7461538461538462,0.9656357388316151,0.9656357388316151,0.03436426116838488,19.82945442199707,0.7128205128205128,0.9640287769784173,0.9640287769784173,0.03597122302158273,19.82670021057129
226,+5 dB,0.976,0.0,nan,nan,nan,nan,0.0,nan,nan,nan,nan
227,+5 dB,0.962,0.8417508417508418,0.944,0.944,0.056,19.468067169189453,0.8417508417508418,0.928,0.928,0.072,19.50539779663086
228,+5 dB,0.982,0.30864197530864196,0.99,0.99,0.01,19.819440841674805,0.33024691358024694,0.9906542056074766,0.9906542056074766,0.009345794392523364,19.54807472229004
229,+5 dB,0.57,0.3377659574468085,0.952755905511811,0.952755905511811,0.047244094488188976,20.08301544189453,0.34574468085106386,0.9153846153846154,0.9153846153846154,0.08461538461538462,20.086511611938477
230,+5 dB,0.204,0.0,nan,nan,nan,nan,0.0,nan,nan,nan,nan
231,+5 dB,0.992,0.045307443365695796,0.7142857142857143,0.7142857142857143,0.2857142857142857,30.52643394470215,0.03559870550161812,0.5454545454545454,0.5454545454545454,0.45454545454545453,40.52638626098633
232,+5 dB,0.848,0.2689295039164491,0.9902912621359223,0.9902912621359223,0.009708737864077669,20.167055130004883,0.26370757180156656,1.0,1.0,0.0,20.167055130004883
233,+5 dB,0.88,0.5471698113207547,0.9507389162561576,0.9507389162561576,0.04926108374384237,19.509780883789062,0.5040431266846361,0.9144385026737968,0.9144385026737968,0.0855614973262032,19.509780883789062
234,+5 dB,0.982,0.05637982195845697,1.0,1.0,0.0,20.490177154541016,0.06231454005934718,0.9523809523809523,0.9523809523809523,0.047619047619047616,20.490177154541016
235,+5 dB,0.994,0.9124293785310734,0.9690402476780186,0.9690402476780186,0.030959752321981424,0.5263932347297668,0.8757062146892656,0.967741935483871,0.967741935483871,0.03225806451612903,0.5263932347297668
236,+5 dB,0.664,0.046822742474916385,1.0,1.0,0.0,19.537311553955078,0.06688963210702341,0.95,0.95,0.05,19.859052658081055
237,+5 dB,0.056,0.0056179775280898875,0.0,0.0,1.0,229.91346740722656,0.008426966292134831,0.0,0.0,1.0,219.91348266601562
238,+5 dB,0.904,0.7804878048780488,0.9921875,0.9921875,0.0078125,0.6962569952011108,0.7682926829268293,0.9920634920634921,0.9920634920634921,0.007936507936507936,0.6962569952011108
239,+5 dB,0.992,0.8662280701754386,0.9848101265822785,0.9848101265822785,0.015189873417721518,19.388519287109375,0.875,0.9799498746867168,0.9799498746867168,0.020050125313283207,19.523868560791016
240,+5 dB,0.982,0.0,nan,nan,nan,nan,0.0,nan,nan,nan,nan
241,+5 dB,0.63,0.026385224274406333,1.0,1.0,0.0,10.051965713500977,0.04221635883905013,0.75,0.75,0.25,19.732505798339844
242,+5 dB,0.988,0.0,nan,nan,nan,nan,0.013422818791946308,1.0,1.0,0.0,20.294986724853516
243,+5 dB,0.71,0.0,nan,nan,nan,nan,0.0,nan,nan,nan,nan
244,+5 dB,0.78,0.0,nan,nan,nan,nan,0.0,nan,nan,nan,nan
245,+5 dB,0.906,0.0,nan,nan,nan,nan,0.0,nan,nan,nan,nan
246,+5 dB,0.134,0.0,nan,nan,nan,nan,0.0,nan,nan,nan,nan
247,+5 dB,0.972,0.8010610079575596,0.9536423841059603,0.9536423841059603,0.046357615894039736,19.473567962646484,0.7214854111405835,0.9742647058823529,0.9742647058823529,0.025735294117647058,19.47195053100586
248,+5 dB,0.988,0.6711229946524064,0.9641434262948207,0.9641434262948207,0.035856573705179286,19.783140182495117,0.6657754010695187,0.9477911646586346,0.9477911646586346,0.05220883534136546,19.783140182495117
249,+5 dB,0.926,0.33076923076923076,0.9922480620155039,0.9922480620155039,0.007751937984496124,0.4327230453491211,0.32564102564102565,0.984251968503937,0.984251968503937,0.015748031496062992,0.4362306296825409
250,+5 dB,0.348,0.0,nan,nan,nan,nan,0.0,nan,nan,nan,nan
251,+5 dB,0.91,0.19736842105263158,0.95,0.95,0.05,19.96818733215332,0.19078947368421054,0.9137931034482759,0.9137931034482759,0.08620689655172414,19.96818733215332
252,+5 dB,0.672,0.09717868338557993,1.0,1.0,0.0,20.429399490356445,0.09404388714733543,0.9333333333333333,0.9333333333333333,0.06666666666666667,20.429399490356445
253,+5 dB,0.982,0.922077922077922,0.9802816901408451,0.9802816901408451,0.01971830985915493,19.364818572998047,0.9116883116883117,0.9743589743589743,0.9743589743589743,0.02564102564102564,19.388519287109375
254,+5 dB,0.988,0.36623376623376624,0.950354609929078,0.950354609929078,0.04964539007092199,20.057334899902344,0.34285714285714286,0.9696969696969697,0.9696969696969697,0.030303030303030304,19.826183319091797
255,+5 dB,0.98,0.2367601246105919,0.9736842105263158,0.9736842105263158,0.02631578947368421,19.952945709228516,0.21495327102803738,0.9710144927536232,0.9710144927536232,0.028985507246376812,19.952945709228516
256,+5 dB,0.83,0.6608040201005025,0.9657794676806084,0.9657794676806084,0.034220532319391636,19.705047607421875,0.635678391959799,0.9762845849802372,0.9762845849802372,0.023715415019762844,19.705047607421875
257,+5 dB,0.914,0.6921182266009852,0.9501779359430605,0.9501779359430605,0.0498220640569395,19.870378494262695,0.6379310344827587,0.9498069498069498,0.9498069498069498,0.05019305019305019,19.832923889160156
258,+5 dB,0.604,0.06074766355140187,1.0,1.0,0.0,20.129758834838867,0.11214953271028037,0.75,0.75,0.25,20.212371826171875
259,+5 dB,0.832,0.40784313725490196,0.9807692307692307,0.9807692307692307,0.019230769230769232,19.832923889160156,0.37254901960784315,0.9578947368421052,0.9578947368421052,0.042105263157894736,19.832923889160156
260,+5 dB,0.05,0.6206896551724138,0.4700854700854701,0.4700854700854701,0.5299145299145299,59.30380630493164,0.636604774535809,0.45416666666666666,0.45416666666666666,0.5458333333333333,59.30380630493164
261,+5 dB,0.924,0.3891402714932127,0.5930232558139535,0.6046511627906976,0.4069767441860465,40.027339935302734,0.27149321266968324,0.45,0.4666666666666667,0.55,59.8238410949707
262,+5 dB,0.902,0.5143603133159269,0.8274111675126904,0.8274111675126904,0.17258883248730963,20.50889015197754,0.5900783289817232,0.8761061946902655,0.8761061946902655,0.12389380530973451,19.877164840698242
263,+5 dB,0.288,0.0,nan,nan,nan,nan,0.0,nan,nan,nan,nan
264,+5 dB,0.99,0.5562130177514792,0.9893617021276596,0.9893617021276596,0.010638297872340425,19.338695526123047,0.5621301775147929,0.9894736842105263,0.9894736842105263,0.010526315789473684,19.303794860839844
265,+5 dB,0.87,0.10080645161290322,0.92,0.92,0.08,19.989273071289062,0.07661290322580645,0.7894736842105263,0.7894736842105263,0.21052631578947367,20.112350463867188
266,+5 dB,0.988,0.4444444444444444,0.9117647058823529,0.9117647058823529,0.08823529411764706,20.080886840820312,0.3431372549019608,0.8857142857142857,0.8857142857142857,0.11428571428571428,20.08301544189453
267,+5 dB,0.992,0.21890547263681592,1.0,1.0,0.0,19.930343627929688,0.24378109452736318,1.0,1.0,0.0,20.04693603515625
268,+5 dB,0.77,0.12933753943217666,0.9024390243902439,0.9024390243902439,0.0975609756097561,19.563840866088867,0.15457413249211358,0.8571428571428571,0.8571428571428571,0.14285714285714285,19.704381942749023
269,+5 dB,0.68,0.03617571059431524,0.21428571428571427,0.21428571428571427,0.7857142857142857,899.5454711914062,0.041343669250646,0.1875,0.1875,0.8125,880.5146484375
270,+5 dB,0.88,0.0,nan,nan,nan,nan,0.0034482758620689655,1.0,1.0,0.0,20.294986724853516
271,+5 dB,0.946,0.0,nan,nan,nan,nan,0.0,nan,nan,nan,nan
272,+5 dB,0.216,0.0,nan,nan,nan,nan,0.0,nan,nan,nan,nan
273,+5 dB,0.94,0.8397626112759644,0.9646643109540636,0.9646643109540636,0.0353356890459364,19.74784278869629,0.7626112759643917,0.9571984435797666,0.9571984435797666,0.042801556420233464,19.783140182495117
274,+5 dB,0.674,0.2765957446808511,0.9230769230769231,0.9230769230769231,0.07692307692307693,19.892498016357422,0.28368794326241137,0.8625,0.8625,0.1375,19.930343627929688
275,+5 dB,0.99,0.46522781774580335,0.979381443298969,0.979381443298969,0.020618556701030927,19.527490615844727,0.4556354916067146,0.9736842105263158,0.9736842105263158,0.02631578947368421,19.563840866088867
276,+5 dB,0.792,0.0,nan,nan,nan,nan,0.0,nan,nan,nan,nan
277,+5 dB,0.372,0.0,nan,nan,nan,nan,0.0,nan,nan,nan,nan
278,+5 dB,0.744,0.0,nan,nan,nan,nan,0.0,nan,nan,nan,nan
279,+5 dB,0.99,0.8700980392156863,0.9633802816901409,0.9633802816901409,0.036619718309859155,0.42653322219848633,0.8235294117647058,0.9494047619047619,0.9494047619047619,0.050595238095238096,0.42653322219848633
280,+5 dB,0.816,0.0,nan,nan,nan,nan,0.0,nan,nan,nan,nan
281,+5 dB,0.704,0.2861111111111111,1.0,1.0,0.0,0.6613652110099792,0.3055555555555556,1.0,1.0,0.0,0.6363793611526489
282,+5 dB,0.99,0.3426183844011142,0.7317073170731707,0.7317073170731707,0.2682926829268293,20.294986724853516,0.29526462395543174,0.6698113207547169,0.6792452830188679,0.330188679245283,39.49103927612305
283,+5 dB,0.964,0.0,nan,nan,nan,nan,0.0,nan,nan,nan,nan
284,+5 dB,0.964,0.8682795698924731,0.9411764705882353,0.9411764705882353,0.058823529411764705,19.675609588623047,0.803763440860215,0.9364548494983278,0.9364548494983278,0.06354515050167224,19.6392879486084
285,+5 dB,0.94,0.8453865336658354,0.9823008849557522,0.9823008849557522,0.017699115044247787,19.473567962646484,0.7755610972568578,0.9807073954983923,0.9807073954983923,0.01929260450160772,19.470333099365234
286,+5 dB,0.986,0.8391959798994975,0.9700598802395209,0.9700598802395209,0.029940119760479042,19.509780883789062,0.7839195979899497,0.9551282051282052,0.9551282051282052,0.04487179487179487,19.509780883789062
287,+5 dB,0.992,0.677536231884058,0.9518716577540107,0.9518716577540107,0.0481283422459893,19.83050537109375,0.677536231884058,0.9518716577540107,0.9518716577540107,0.0481283422459893,19.83050537109375
288,+5 dB,0.988,0.3048780487804878,0.99,0.99,0.01,19.64717674255371,0.2865853658536585,0.9148936170212766,0.9148936170212766,0.0851063829787234,19.952945709228516
289,+5 dB,0.9,0.0,nan,nan,nan,nan,0.0,nan,nan,nan,nan
290,+5 dB,0.582,0.14826498422712933,0.9574468085106383,0.9574468085106383,0.0425531914893617,19.715173721313477,0.14826498422712933,0.8297872340425532,0.8297872340425532,0.1702127659574468,19.768447875976562
291,+5 dB,0.786,0.0,nan,nan,nan,nan,0.0,nan,nan,nan,nan
292,+5 dB,0.978,0.21428571428571427,0.9607843137254902,0.9607843137254902,0.0392156862745098,0.5294880270957947,0.226890756302521,0.9444444444444444,0.9444444444444444,0.05555555555555555,0.5294880270957947
293,+5 dB,0.98,0.2671957671957672,0.9801980198019802,0.9801980198019802,0.019801980198019802,19.870378494262695,0.22486772486772486,0.9529411764705882,0.9529411764705882,0.047058823529411764,0.29489073157310486
294,+5 dB,0.992,0.7045454545454546,0.9596774193548387,0.9596774193548387,0.04032258064516129,19.491140365600586,0.6477272727272727,0.9385964912280702,0.9385964912280702,0.06140350877192982,10.00003433227539
295,+5 dB,0.044,0.05,1.0,1.0,0.0,0.07723875343799591,0.035,1.0,1.0,0.0,0.04705381393432617
296,+5 dB,0.976,0.7604651162790698,0.9755351681957186,0.9755351681957186,0.024464831804281346,19.740903854370117,0.7558139534883721,0.96,0.96,0.04,19.866384506225586
297,+5 dB,0.152,0.5714285714285714,0.328125,0.328125,0.671875,80.49024200439453,0.5714285714285714,0.390625,0.390625,0.609375,80.27244567871094
298,+5 dB,0.668,0.18206521739130435,0.835820895522388,0.835820895522388,0.16417910447761194,20.432662963867188,0.18206521739130435,0.746268656716418,0.746268656716418,0.2537313432835821,20.43613052368164
299,+5 dB,0.998,0.7845659163987139,0.9795081967213115,0.9795081967213115,0.020491803278688523,19.72764015197754,0.7942122186495176,0.951417004048583,0.951417004048583,0.048582995951417005,19.72764015197754
300,+10 dB,0.86,0.7866666666666666,0.9576271186440678,0.9576271186440678,0.0423728813559322,19.573440551757812,0.69,0.9565217391304348,0.9565217391304348,0.043478260869565216,19.57072639465332
301,+10 dB,0.934,0.49372384937238495,0.9491525423728814,0.9491525423728814,0.05084745762711865,19.570362091064453,0.47280334728033474,0.9469026548672567,0.9469026548672567,0.05309734513274336,19.573440551757812
302,+10 dB,0.978,0.20054945054945056,0.9863013698630136,0.9863013698630136,0.0136986301369863,19.80357551574707,0.22252747252747251,0.9876543209876543,0.9876543209876543,0.012345679012345678,19.870378494262695
303,+10 dB,0.964,0.6415770609318996,0.9162011173184358,0.9162011173184358,0.08379888268156424,19.596403121948242,0.5483870967741935,0.9019607843137255,0.9019607843137255,0.09803921568627451,19.596403121948242
304,+10 dB,0.928,0.6989247311827957,0.9576923076923077,0.9576923076923077,0.04230769230769231,19.50539779663086,0.5913978494623656,0.9454545454545454,0.9454545454545454,0.05454545454545454,19.473567962646484
305,+10 dB,0.982,0.7208672086720868,0.9323308270676691,0.9323308270676691,0.06766917293233082,19.938608169555664,0.6449864498644986,0.9117647058823529,0.9117647058823529,0.08823529411764706,20.057334899902344
306,+10 dB,0.972,0.723943661971831,0.9688715953307393,0.9688715953307393,0.0311284046692607,19.942686080932617,0.7183098591549296,0.9450980392156862,0.9450980392156862,0.054901960784313725,19.942686080932617
307,+10 dB,0.996,0.8961424332344213,0.9735099337748344,0.9735099337748344,0.026490066225165563,0.6962569952011108,0.857566765578635,0.972318339100346,0.972318339100346,0.02768166089965398,0.6962569952011108
308,+10 dB,0.36,0.0,nan,nan,nan,nan,0.0,nan,nan,nan,nan
309,+10 dB,0.986,0.7536656891495601,0.9883268482490273,0.9883268482490273,0.011673151750972763,20.112350463867188,0.7096774193548387,0.9917355371900827,0.9917355371900827,0.008264462809917356,20.169536590576172
310,+10 dB,0.974,0.4383561643835616,0.94375,0.94375,0.05625,19.80357551574707,0.4246575342465753,0.9290322580645162,0.9290322580645162,0.07096774193548387,19.80357551574707
311,+10 dB,0.988,0.7127937336814621,0.9633699633699634,0.9633699633699634,0.03663003663003663,19.783140182495117,0.6997389033942559,0.9402985074626866,0.9402985074626866,0.05970149253731343,19.870378494262695
312,+10 dB,0.762,0.0,nan,nan,nan,nan,0.0,nan,nan,nan,nan
313,+10 dB,0.992,0.6984126984126984,0.9818181818181818,0.9818181818181818,0.01818181818181818,19.57072639465332,0.6349206349206349,0.97,0.97,0.03,19.57072639465332
314,+10 dB,0.974,0.8691275167785235,0.9305019305019305,0.9305019305019305,0.0694980694980695,19.81578826904297,0.8221476510067114,0.9306122448979591,0.9306122448979591,0.06938775510204082,19.81578826904297
315,+10 dB,0.846,0.21965317919075145,1.0,1.0,0.0,0.691025972366333,0.21965317919075145,1.0,1.0,0.0,0.691025972366333
316,+10 dB,0.968,0.0,nan,nan,nan,nan,0.0,nan,nan,nan,nan
317,+10 dB,0.882,0.1889400921658986,0.926829268292683,0.926829268292683,0.07317073170731707,19.989273071289062,0.18202764976958524,0.9620253164556962,0.9620253164556962,0.0379746835443038,19.952945709228516
318,+10 dB,0.916,0.0,nan,nan,nan,nan,0.017467248908296942,1.0,1.0,0.0,0.34337466955184937
319,+10 dB,0.998,0.11515151515151516,0.15789473684210525,0.15789473684210525,0.8421052631578947,60.078617095947266,0.09696969696969697,0.1875,0.1875,0.8125,60.078617095947266
320,+10 dB,0.746,0.015584415584415584,0.0,0.0,1.0,290.36517333984375,0.05194805194805195,0.1,0.1,0.9,509.87347412109375
321,+10 dB,0.948,0.0,nan,nan,nan,nan,0.0,nan,nan,nan,nan
322,+10 dB,0.77,0.5146198830409356,0.9772727272727273,0.9772727272727273,0.022727272727272728,19.465770721435547,0.47076023391812866,0.968944099378882,0.968944099378882,0.031055900621118012,19.40767478942871
323,+10 dB,0.936,0.6103542234332425,0.9955357142857143,0.9955357142857143,0.004464285714285714,19.573440551757812,0.6294277929155313,0.9653679653679653,0.9653679653679653,0.03463203463203463,19.596403121948242
324,+10 dB,0.912,0.26229508196721313,0.96875,0.96875,0.03125,19.88759994506836,0.31420765027322406,0.9652173913043478,0.9652173913043478,0.034782608695652174,19.88759994506836
325,+10 dB,0.808,0.40588235294117647,0.9565217391304348,0.9565217391304348,0.043478260869565216,19.99787139892578,0.4264705882352941,0.9379310344827586,0.9379310344827586,0.06206896551724138,20.08301544189453
326,+10 dB,0.744,0.06267029972752043,0.7391304347826086,0.7391304347826086,0.2608695652173913,39.82929611206055,0.09809264305177112,0.75,0.75,0.25,20.429399490356445
327,+10 dB,0.812,0.07673267326732673,1.0,1.0,0.0,19.88759994506836,0.1311881188118812,0.9622641509433962,0.9622641509433962,0.03773584905660377,19.704381942749023
328,+10 dB,0.976,0.9230769230769231,0.9940476190476191,0.9940476190476191,0.005952380952380952,0.32783955335617065,0.9148351648351648,0.984984984984985,0.984984984984985,0.015015015015015015,0.5089026689529419
329,+10 dB,0.978,0.35911602209944754,0.5538461538461539,0.5538461538461539,0.4461538461538462,40.52638626098633,0.3314917127071823,0.5333333333333333,0.5333333333333333,0.4666666666666667,40.580787658691406
330,+10 dB,0.982,0.893719806763285,0.9405405405405406,0.9405405405405406,0.05945945945945946,19.783140182495117,0.8309178743961353,0.9476744186046512,0.9476744186046512,0.05232558139534884,19.718448638916016
331,+10 dB,0.986,0.7977777777777778,0.9805013927576601,0.9805013927576601,0.019498607242339833,19.303794860839844,0.7711111111111111,0.968299711815562,0.968299711815562,0.03170028818443804,19.303794860839844
332,+10 dB,0.662,0.7563291139240507,0.99581589958159,0.99581589958159,0.0041841004184100415,19.54807472229004,0.7879746835443038,0.9678714859437751,0.9678714859437751,0.0321285140562249,19.54807472229004
333,+10 dB,0.946,0.0,nan,nan,nan,nan,0.0,nan,nan,nan,nan
334,+10 dB,0.902,0.5142857142857142,0.8222222222222222,0.8222222222222222,0.17777777777777778,20.52648162841797,0.5314285714285715,0.8064516129032258,0.8064516129032258,0.1935483870967742,20.517684936523438
335,+10 dB,0.964,0.0,nan,nan,nan,nan,0.0,nan,nan,nan,nan
336,+10 dB,0.996,0.9135802469135802,0.963963963963964,0.963963963963964,0.036036036036036036,19.833110809326172,0.8559670781893004,0.9711538461538461,0.9711538461538461,0.028846153846153848,19.819440841674805
337,+10 dB,0.916,0.5782493368700266,0.9128440366972477,0.9128440366972477,0.0871559633027523,19.989505767822266,0.519893899204244,0.8979591836734694,0.8979591836734694,0.10204081632653061,19.89004898071289
338,+10 dB,0.982,0.20151133501259447,1.0,1.0,0.0,0.511792778968811,0.11838790931989925,0.9361702127659575,0.9361702127659575,0.06382978723404255,0.29489073157310486
339,+10 dB,0.982,0.8741935483870967,0.955719557195572,0.955719557195572,0.04428044280442804,0.6962569952011108,0.8741935483870967,0.959409594095941,0.959409594095941,0.04059040590405904,0.6962569952011108
340,+10 dB,0.882,0.0,nan,nan,nan,nan,0.0,nan,nan,nan,nan
341,+10 dB,0.912,0.5092838196286472,0.9322916666666666,0.9322916666666666,0.06770833333333333,19.705047607421875,0.4960212201591512,0.9144385026737968,0.9144385026737968,0.0855614973262032,19.705047607421875
342,+10 dB,0.91,0.7342857142857143,0.9649805447470817,0.9649805447470817,0.03501945525291829,19.72764015197754,0.64,0.9419642857142857,0.9419642857142857,0.05803571428571429,19.606365203857422
343,+10 dB,0.994,0.8983050847457628,0.967654986522911,0.967654986522911,0.03234501347708895,0.6613652110099792,0.8692493946731235,0.9777158774373259,0.9777158774373259,0.022284122562674095,0.6352484226226807
344,+10 dB,0.986,0.08984375,0.43478260869565216,0.43478260869565216,0.5652173913043478,59.8238410949707,0.1015625,0.3076923076923077,0.3076923076923077,0.6923076923076923,69.91667938232422
345,+10 dB,0.77,0.40853658536585363,0.4626865671641791,0.4626865671641791,0.5373134328358209,59.670406341552734,0.38109756097560976,0.44,0.44,0.56,59.670406341552734
346,+10 dB,0.976,0.0,nan,nan,nan,nan,0.0,nan,nan,nan,nan
347,+10 dB,0.772,0.6666666666666666,0.9354838709677419,0.9354838709677419,0.06451612903225806,19.643888473510742,0.4946236559139785,0.9565217391304348,0.9565217391304348,0.043478260869565216,19.643888473510742
348,+10 dB,0.874,0.6384039900249376,0.98046875,0.98046875,0.01953125,19.831714630126953,0.6309226932668329,0.932806324110672,0.932806324110672,0.06719367588932806,19.832923889160156
349,+10 dB,0.718,0.0622568093385214,1.0,1.0,0.0,0.514682948589325,0.1517509727626459,0.7692307692307693,0.7692307692307693,0.23076923076923078,19.96818733215332
350,+10 dB,0.966,0.9209183673469388,0.9556786703601108,0.9556786703601108,0.0443213296398892,19.567285537719727,0.8647959183673469,0.9498525073746312,0.9498525073746312,0.05014749262536873,19.57072639465332
351,+10 dB,0.852,0.06933333333333333,1.0,1.0,0.0,19.470333099365234,0.058666666666666666,1.0,1.0,0.0,19.633243560791016
352,+10 dB,0.948,0.0,nan,nan,nan,nan,0.0,nan,nan,nan,nan
353,+10 dB,0.984,0.0,nan,nan,nan,nan,0.0,nan,nan,nan,nan
354,+10 dB,0.93,0.7820895522388059,0.950381679389313,0.950381679389313,0.04961832061068702,19.60730743408203,0.7134328358208956,0.9456066945606695,0.9456066945606695,0.05439330543933055,19.643888473510742
355,+10 dB,0.972,0.5535714285714286,0.967741935483871,0.967741935483871,0.03225806451612903,19.50046157836914,0.41517857142857145,0.8924731182795699,0.8924731182795699,0.10752688172043011,19.819440841674805
356,+10 dB,0.998,0.9747899159663865,0.9626436781609196,0.9626436781609196,0.03735632183908046,0.25644510984420776,0.9607843137254902,0.9737609329446064,0.9737609329446064,0.026239067055393587,0.25644510984420776
357,+10 dB,0.638,0.04983388704318937,1.0,1.0,0.0,19.88759994506836,0.07308970099667775,0.9545454545454546,0.9545454545454546,0.045454545454545456,20.005313873291016
358,+10 dB,0.594,0.0,nan,nan,nan,nan,0.0,nan,nan,nan,nan
359,+10 dB,0.99,0.7369791666666666,0.9575971731448764,0.9575971731448764,0.04240282685512368,19.596403121948242,0.7057291666666666,0.9372693726937269,0.9372693726937269,0.06273062730627306,19.72091293334961
360,+10 dB,0.984,0.2912912912912913,0.9896907216494846,0.9896907216494846,0.010309278350515464,19.74784278869629,0.2972972972972973,0.9797979797979798,0.9797979797979798,0.020202020202020204,19.938608169555664
361,+10 dB,0.978,0.3233695652173913,0.9411764705882353,0.9411764705882353,0.058823529411764705,19.83050537109375,0.33152173913043476,0.8688524590163934,0.8688524590163934,0.13114754098360656,20.010826110839844
362,+10 dB,0.94,0.3311897106109325,0.5048543689320388,0.5048543689320388,0.49514563106796117,40.52961349487305,0.29260450160771706,0.5054945054945055,0.5164835164835165,0.4945054945054945,40.49009704589844
363,+10 dB,0.984,0.8048048048048048,0.9626865671641791,0.9626865671641791,0.03731343283582089,0.5294880270957947,0.7867867867867868,0.9694656488549618,0.9694656488549618,0.030534351145038167,0.514682948589325
364,+10 dB,0.956,0.8847058823529412,0.9787234042553191,0.9787234042553191,0.02127659574468085,0.6613652110099792,0.8047058823529412,0.9707602339181286,0.9707602339181286,0.029239766081871343,0.6613652110099792
365,+10 dB,0.816,0.1457142857142857,1.0,1.0,0.0,19.823945999145508,0.13142857142857142,1.0,1.0,0.0,19.95132827758789
366,+10 dB,0.696,0.0,nan,nan,nan,nan,0.0,nan,nan,nan,nan
367,+10 dB,0.86,0.35815602836879434,0.8712871287128713,0.8712871287128713,0.12871287128712872,19.96818733215332,0.26595744680851063,0.88,0.88,0.12,19.96818733215332
368,+10 dB,0.984,0.8279569892473119,0.987012987012987,0.987012987012987,0.012987012987012988,0.46191784739494324,0.8145161290322581,0.9900990099009901,0.9900990099009901,0.009900990099009901,0.4292154610157013
369,+10 dB,0.734,0.0,nan,nan,nan,nan,0.0,nan,nan,nan,nan
370,+10 dB,0.972,0.0,nan,nan,nan,nan,0.0,nan,nan,nan,nan
371,+10 dB,0.99,0.597972972972973,0.8587570621468926,0.8587570621468926,0.14124293785310735,20.06119728088379,0.5777027027027027,0.8304093567251462,0.8304093567251462,0.1695906432748538,20.06119728088379
372,+10 dB,0.52,0.0,nan,nan,nan,nan,0.0,nan,nan,nan,nan
373,+10 dB,0.604,0.0,nan,nan,nan,nan,0.0,nan,nan,nan,nan
374,+10 dB,0.926,0.2526690391459075,0.971830985915493,0.971830985915493,0.028169014084507043,19.509780883789062,0.23843416370106763,0.9402985074626866,0.9402985074626866,0.05970149253731343,19.491140365600586
375,+10 dB,0.996,0.8457583547557841,0.9878419452887538,0.9878419452887538,0.0121580547112462,19.567285537719727,0.8277634961439588,0.953416149068323,0.953416149068323,0.046583850931677016,19.629173278808594
376,+10 dB,0.948,0.8530120481927711,0.940677966101695,0.940677966101695,0.059322033898305086,19.7939453125,0.8168674698795181,0.9351032448377581,0.9351032448377581,0.06489675516224189,19.832923889160156
377,+10 dB,0.918,0.24468085106382978,0.9855072463768116,0.9855072463768116,0.014492753623188406,0.4362306296825409,0.2730496453900709,0.961038961038961,0.974025974025974,0.03896103896103896,19.563840866088867
378,+10 dB,0.96,0.8595238095238096,0.997229916897507,0.997229916897507,0.002770083102493075,0.5692873597145081,0.8047619047619048,0.9911242603550295,0.9911242603550295,0.008875739644970414,0.5692873597145081
379,+10 dB,0.972,0.0,nan,nan,nan,nan,0.0,nan,nan,nan,nan
380,+10 dB,0.99,0.5805369127516778,0.953757225433526,0.953757225433526,0.046242774566473986,19.819440841674805,0.5738255033557047,0.9298245614035088,0.935672514619883,0.07017543859649122,19.892498016357422
381,+10 dB,0.988,0.8269230769230769,0.9867109634551495,0.9867109634551495,0.013289036544850499,0.6352484226226807,0.7747252747252747,0.9929078014184397,0.9929078014184397,0.0070921985815602835,0.6352484226226807
382,+10 dB,0.932,0.0,nan,nan,nan,nan,0.0,nan,nan,nan,nan
383,+10 dB,0.872,0.5782828282828283,0.9606986899563319,0.9606986899563319,0.039301310043668124,20.010826110839844,0.5631313131313131,0.9461883408071748,0.9461883408071748,0.053811659192825115,20.04693603515625
384,+10 dB,0.978,0.0,nan,nan,nan,nan,0.0,nan,nan,nan,nan
385,+10 dB,0.972,0.5890052356020943,0.9955555555555555,0.9955555555555555,0.0044444444444444444,20.057334899902344,0.56282722513089,0.986046511627907,0.986046511627907,0.013953488372093023,20.06119728088379
386,+10 dB,0.938,0.7430025445292621,0.9726027397260274,0.9726027397260274,0.0273972602739726,19.886478424072266,0.7175572519083969,0.9574468085106383,0.9574468085106383,0.0425531914893617,19.88759994506836
387,+10 dB,0.986,0.9342857142857143,0.9847094801223242,0.9847094801223242,0.01529051987767584,0.691025972366333,0.92,0.9813664596273292,0.9813664596273292,0.018633540372670808,0.691025972366333
388,+10 dB,0.972,0.8921568627450981,0.9487179487179487,0.9487179487179487,0.05128205128205128,19.338695526123047,0.803921568627451,0.9634146341463414,0.9634146341463414,0.036585365853658534,10.000025749206543
389,+10 dB,0.972,0.7049180327868853,0.9269102990033222,0.9269102990033222,0.07308970099667775,20.06119728088379,0.6744730679156908,0.9375,0.9375,0.0625,20.06119728088379
390,+10 dB,0.98,0.8601036269430051,0.9698795180722891,0.9698795180722891,0.030120481927710843,19.74784278869629,0.8290155440414507,0.95,0.95,0.05,19.705047607421875
391,+10 dB,0.844,0.0,nan,nan,nan,nan,0.008620689655172414,0.0,0.0,1.0,80.04692840576172
392,+10 dB,0.426,0.0,nan,nan,nan,nan,0.0,nan,nan,nan,nan
393,+10 dB,0.838,0.09340659340659341,1.0,1.0,0.0,10.019634246826172,0.10989010989010989,0.975,0.975,0.025,19.509780883789062
394,+10 dB,0.968,0.8491048593350383,0.9789156626506024,0.9789156626506024,0.02108433734939759,19.40767478942871,0.8286445012787724,0.9722222222222222,0.9722222222222222,0.027777777777777776,19.40767478942871
395,+10 dB,0.864,0.0,nan,nan,nan,nan,0.0,nan,nan,nan,nan
396,+10 dB,0.866,0.3101851851851852,0.9253731343283582,0.9253731343283582,0.07462686567164178,19.80357551574707,0.30787037037037035,0.924812030075188,0.924812030075188,0.07518796992481203,19.80357551574707
397,+10 dB,0.424,0.0,nan,nan,nan,nan,0.0,nan,nan,nan,nan
398,+10 dB,0.998,0.7442922374429224,0.941717791411043,0.941717791411043,0.05828220858895705,19.91338348388672,0.6917808219178082,0.9405940594059405,0.9405940594059405,0.0594059405940594,19.92131805419922
399,+10 dB,0.952,0.8848039215686274,0.9335180055401662,0.9335180055401662,0.0664819944598338,19.675609588623047,0.8382352941176471,0.9269005847953217,0.9269005847953217,0.07309941520467836,19.675609588623047
400,+20 dB,0.968,0.7511848341232228,0.8801261829652997,0.8801261829652997,0.11987381703470032,19.989273071289062,0.7535545023696683,0.8647798742138365,0.8647798742138365,0.13522012578616352,20.057334899902344
401,+20 dB,0.828,0.37969924812030076,0.9900990099009901,0.9900990099009901,0.009900990099009901,0.59230637550354,0.36466165413533835,0.9587628865979382,0.9587628865979382,0.041237113402061855,19.54807472229004
402,+20 dB,0.982,0.657439446366782,0.9631578947368421,0.9631578947368421,0.03684210526315789,19.832923889160156,0.7024221453287197,0.9310344827586207,0.9310344827586207,0.06896551724137931,19.832923889160156
403,+20 dB,0.942,0.8244047619047619,0.9675090252707581,0.9675090252707581,0.032490974729241874,19.303794860839844,0.7827380952380952,0.9619771863117871,0.9619771863117871,0.03802281368821293,19.40767478942871
404,+20 dB,0.946,0.06060606060606061,0.6428571428571429,0.6428571428571429,0.35714285714285715,20.08301544189453,0.025974025974025976,0.5,0.5,0.5,30.374950408935547
405,+20 dB,0.96,0.8028169014084507,0.9649122807017544,0.9649122807017544,0.03508771929824561,0.4946202337741852,0.7816901408450704,0.963963963963964,0.963963963963964,0.036036036036036036,0.5692873597145081
406,+20 dB,0.902,0.40540540540540543,0.94,0.94,0.06,19.573440551757812,0.4189189189189189,0.9548387096774194,0.9548387096774194,0.04516129032258064,19.573440551757812
407,+20 dB,0.938,0.6666666666666666,0.9863013698630136,0.9863013698630136,0.0136986301369863,0.45202940702438354,0.6757990867579908,0.9797297297297297,0.9797297297297297,0.02027027027027027,0.45202940702438354
408,+20 dB,0.604,0.0,nan,nan,nan,nan,0.0,nan,nan,nan,nan
409,+20 dB,0.988,0.0,nan,nan,nan,nan,0.0,nan,nan,nan,nan
410,+20 dB,0.382,0.0,nan,nan,nan,nan,0.0,nan,nan,nan,nan
411,+20 dB,0.766,0.0,nan,nan,nan,nan,0.0,nan,nan,nan,nan
412,+20 dB,0.898,0.02564102564102564,1.0,1.0,0.0,20.00002098083496,0.02564102564102564,1.0,1.0,0.0,20.112350463867188
413,+20 dB,0.97,0.6601466992665037,0.9555555555555556,0.9555555555555556,0.044444444444444446,19.72764015197754,0.6405867970660146,0.950381679389313,0.950381679389313,0.04961832061068702,19.72764015197754
414,+20 dB,0.672,0.0,nan,nan,nan,nan,0.0,nan,nan,nan,nan
415,+20 dB,0.994,0.9256756756756757,0.9927007299270073,0.9927007299270073,0.0072992700729927005,0.5692873597145081,0.8873873873873874,0.9949238578680203,0.9949238578680203,0.005076142131979695,0.5692873597145081
416,+20 dB,0.96,0.7457142857142857,0.9616858237547893,0.9616858237547893,0.038314176245210725,19.72091293334961,0.7085714285714285,0.9758064516129032,0.9758064516129032,0.024193548387096774,19.596403121948242
417,+20 dB,0.766,0.01876675603217158,1.0,1.0,0.0,0.59230637550354,0.0160857908847185,1.0,1.0,0.0,0.59230637550354
418,+20 dB,0.976,0.38095238095238093,1.0,1.0,0.0,0.514682948589325,0.38095238095238093,0.9791666666666666,0.9791666666666666,0.020833333333333332,0.514682948589325
419,+20 dB,0.99,0.5252808988764045,0.983957219251337,0.983957219251337,0.016042780748663103,19.388519287109375,0.5140449438202247,0.9890710382513661,0.9890710382513661,0.01092896174863388,0.6113935708999634
420,+20 dB,0.978,0.7958333333333333,0.93717277486911,0.93717277486911,0.06282722513089005,19.303794860839844,0.7833333333333333,0.9361702127659575,0.9361702127659575,0.06382978723404255,19.303794860839844
421,+20 dB,0.794,0.5960099750623441,0.9581589958158996,0.9581589958158996,0.04184100418410042,19.91338348388672,0.6384039900249376,0.95703125,0.95703125,0.04296875,19.91338348388672
422,+20 dB,0.804,0.46089385474860334,0.5272727272727272,0.5272727272727272,0.4727272727272727,40.49009704589844,0.4581005586592179,0.5365853658536586,0.5365853658536586,0.4634146341463415,40.32960891723633
423,+20 dB,0.02,0.0,nan,nan,nan,nan,0.0,nan,nan,nan,nan
424,+20 dB,0.976,0.7681498829039812,0.9817073170731707,0.9817073170731707,0.018292682926829267,19.563840866088867,0.7400468384074942,0.9715189873417721,0.9715189873417721,0.028481012658227847,19.563840866088867
425,+20 dB,0.884,0.06532663316582915,0.8461538461538461,0.8846153846153846,0.15384615384615385,20.6351375579834,0.07537688442211055,0.7,0.7,0.3,20.6351375579834
426,+20 dB,0.938,0.46689895470383275,0.8805970149253731,0.8805970149253731,0.11940298507462686,20.010826110839844,0.36585365853658536,0.9047619047619048,0.9047619047619048,0.09523809523809523,20.010826110839844
427,+20 dB,0.988,0.7672727272727272,0.919431279620853,0.919431279620853,0.08056872037914692,19.491140365600586,0.7236363636363636,0.9246231155778895,0.9246231155778895,0.07537688442211055,19.491140365600586
428,+20 dB,0.962,0.921875,0.9636803874092009,0.9636803874092009,0.03631961259079903,0.6962569952011108,0.9151785714285714,0.9560975609756097,0.9560975609756097,0.04390243902439024,0.6962569952011108
429,+20 dB,1.0,0.0,nan,nan,nan,nan,0.11188811188811189,0.625,0.625,0.375,20.041427612304688
430,+20 dB,0.972,0.8837209302325582,0.9532163742690059,0.9532163742690059,0.04678362573099415,19.596403121948242,0.8165374677002584,0.9462025316455697,0.9462025316455697,0.05379746835443038,19.584922790527344
431,+20 dB,0.774,0.0,nan,nan,nan,nan,0.0,nan,nan,nan,nan
432,+20 dB,0.998,0.8696741854636592,0.9740634005763689,0.9740634005763689,0.025936599423631124,19.670398712158203,0.8621553884711779,0.9738372093023255,0.9738372093023255,0.02616279069767442,19.670398712158203
433,+20 dB,0.912,0.0,nan,nan,nan,nan,0.05723905723905724,0.8823529411764706,0.8823529411764706,0.11764705882352941,20.231679916381836
434,+20 dB,0.978,0.884318766066838,0.9476744186046512,0.9476744186046512,0.05232558139534884,19.885356903076172,0.8329048843187661,0.9290123456790124,0.9290123456790124,0.07098765432098765,19.885356903076172
435,+20 dB,0.974,0.9651474530831099,0.95,0.95,0.05,19.596403121948242,0.9142091152815014,0.9648093841642229,0.9648093841642229,0.03519061583577713,19.596403121948242
436,+20 dB,0.972,0.18218623481781376,0.8888888888888888,0.8888888888888888,0.1111111111111111,20.169536590576172,0.1417004048582996,0.9142857142857143,0.9142857142857143,0.08571428571428572,20.169536590576172
437,+20 dB,0.996,0.9664268585131894,0.9702233250620348,0.9702233250620348,0.02977667493796526,0.691025972366333,0.9256594724220624,0.9715025906735751,0.9715025906735751,0.02849740932642487,0.6613652110099792
438,+20 dB,0.99,0.8902439024390244,0.9691780821917808,0.9691780821917808,0.030821917808219176,0.5692873597145081,0.8353658536585366,0.9598540145985401,0.9598540145985401,0.040145985401459854,0.5692873597145081
439,+20 dB,0.992,0.4910941475826972,0.9689119170984456,0.9689119170984456,0.031088082901554404,19.832923889160156,0.5699745547073791,0.9017857142857143,0.9017857142857143,0.09821428571428571,19.952945709228516
440,+20 dB,0.986,0.4430769230769231,1.0,1.0,0.0,0.27233874797821045,0.4430769230769231,1.0,1.0,0.0,0.27233874797821045
441,+20 dB,0.632,0.0,nan,nan,nan,nan,0.0,nan,nan,nan,nan
442,+20 dB,0.882,0.3069306930693069,0.967741935483871,0.967741935483871,0.03225806451612903,19.866384506225586,0.3292079207920792,0.9097744360902256,0.9097744360902256,0.09022556390977443,19.892498016357422
443,+20 dB,0.586,0.0,nan,nan,nan,nan,0.0,nan,nan,nan,nan
444,+20 dB,0.936,0.3154929577464789,0.9375,0.9375,0.0625,19.72764015197754,0.3126760563380282,0.972972972972973,0.972972972972973,0.02702702702702703,19.6392879486084
445,+20 dB,0.972,0.8773584905660378,0.989247311827957,0.989247311827957,0.010752688172043012,0.6962569952011108,0.8655660377358491,0.9836512261580381,0.9836512261580381,0.01634877384196185,0.6962569952011108
446,+20 dB,0.978,0.6468926553672316,0.9432314410480349,0.9432314410480349,0.056768558951965066,0.6962569952011108,0.6299435028248588,0.9282511210762332,0.9282511210762332,0.07174887892376682,19.303794860839844
447,+20 dB,0.984,0.4853801169590643,0.9518072289156626,0.9518072289156626,0.04819277108433735,19.470333099365234,0.42105263157894735,0.9444444444444444,0.9444444444444444,0.05555555555555555,0.5089026689529419
448,+20 dB,0.984,0.9272151898734177,0.9590443686006825,0.9590443686006825,0.040955631399317405,0.6962569952011108,0.9145569620253164,0.9584775086505191,0.9584775086505191,0.04152249134948097,0.6962569952011108
449,+20 dB,0.868,0.9061728395061729,0.9836512261580381,0.9836512261580381,0.01634877384196185,0.6962569952011108,0.8098765432098766,0.9786585365853658,0.9786585365853658,0.021341463414634148,0.6962569952011108
450,+20 dB,0.976,0.8677884615384616,0.9667590027700831,0.9667590027700831,0.0332409972299169,0.6962569952011108,0.8581730769230769,0.9551820728291317,0.9551820728291317,0.04481792717086835,0.6962569952011108
451,+20 dB,0.984,0.8765133171912833,0.919889502762431,0.919889502762431,0.08011049723756906,19.742229461669922,0.8184019370460048,0.9201183431952663,0.9201183431952663,0.07988165680473373,19.742229461669922
452,+20 dB,0.994,0.9691629955947136,0.9795454545454545,0.9795454545454545,0.020454545454545454,0.691025972366333,0.9691629955947136,0.9772727272727273,0.9772727272727273,0.022727272727272728,0.691025972366333
453,+20 dB,0.184,0.0,nan,nan,nan,nan,0.0,nan,nan,nan,nan
454,+20 dB,0.84,0.0,nan,nan,nan,nan,0.010309278350515464,0.75,0.75,0.25,20.153182983398438
455,+20 dB,0.852,0.708904109589041,0.961352657004831,0.961352657004831,0.03864734299516908,19.715173721313477,0.6678082191780822,0.9794871794871794,0.9794871794871794,0.020512820512820513,19.670398712158203
456,+20 dB,0.96,0.6502590673575129,0.9760956175298805,0.9760956175298805,0.02390438247011952,19.470333099365234,0.6580310880829016,0.952755905511811,0.952755905511811,0.047244094488188976,19.491140365600586
457,+20 dB,0.848,0.14925373134328357,1.0,1.0,0.0,20.086511611938477,0.15522388059701492,1.0,1.0,0.0,20.086511611938477
458,+20 dB,0.412,0.0,nan,nan,nan,nan,0.0,nan,nan,nan,nan
459,+20 dB,0.828,0.06451612903225806,0.07142857142857142,0.07142857142857142,0.9285714285714286,139.91688537597656,0.05069124423963134,0.0,0.0,1.0,179.8851776123047
460,+20 dB,0.936,0.32459016393442625,1.0,1.0,0.0,19.704381942749023,0.33114754098360655,0.9603960396039604,0.9603960396039604,0.039603960396039604,19.832923889160156
461,+20 dB,0.51,0.27586206896551724,0.9903846153846154,0.9903846153846154,0.009615384615384616,19.91338348388672,0.22281167108753316,0.9880952380952381,0.9880952380952381,0.011904761904761904,19.823833465576172
462,+20 dB,0.878,0.2356020942408377,1.0,1.0,0.0,0.5692873597145081,0.2094240837696335,0.9875,0.9875,0.0125,0.5692873597145081
463,+20 dB,0.814,0.3107476635514019,0.924812030075188,0.924812030075188,0.07518796992481203,19.91338348388672,0.338785046728972,0.903448275862069,0.903448275862069,0.09655172413793103,20.329660415649414
464,+20 dB,0.86,0.0,nan,nan,nan,nan,0.0,nan,nan,nan,nan
465,+20 dB,0.98,0.7858942065491183,0.9102564102564102,0.9102564102564102,0.08974358974358974,20.001941680908203,0.7531486146095718,0.9096989966555183,0.9096989966555183,0.0903010033444816,19.916980743408203
466,+20 dB,0.914,0.15827338129496402,0.9318181818181818,0.9318181818181818,0.06818181818181818,19.960567474365234,0.16546762589928057,0.8260869565217391,0.8260869565217391,0.17391304347826086,20.00756072998047
467,+20 dB,0.836,0.2981029810298103,0.8636363636363636,0.8636363636363636,0.13636363636363635,19.563840866088867,0.2953929539295393,0.8715596330275229,0.8715596330275229,0.12844036697247707,19.563840866088867
468,+20 dB,0.878,0.26902173913043476,0.9696969696969697,0.9696969696969697,0.030303030303030304,19.88759994506836,0.29347826086956524,0.9351851851851852,0.9351851851851852,0.06481481481481481,19.89004898071289
469,+20 dB,0.898,0.56282722513089,0.9395348837209302,0.9395348837209302,0.06046511627906977,20.010826110839844,0.6308900523560209,0.9045643153526971,0.9045643153526971,0.0954356846473029,20.057334899902344
470,+20 dB,0.99,0.6886543535620053,0.9693486590038314,0.9693486590038314,0.03065134099616858,19.721723556518555,0.6649076517150396,0.9444444444444444,0.9444444444444444,0.05555555555555555,19.72764015197754
471,+20 dB,0.996,0.6166134185303515,0.9792746113989638,0.9792746113989638,0.02072538860103627,19.832923889160156,0.6389776357827476,0.935,0.935,0.065,19.832923889160156
472,+20 dB,0.918,0.0,nan,nan,nan,nan,0.0,nan,nan,nan,nan
473,+20 dB,0.96,0.9073569482288828,0.948948948948949,0.948948948948949,0.05105105105105105,0.6113935708999634,0.8474114441416893,0.9517684887459807,0.9517684887459807,0.04823151125401929,0.6113935708999634
474,+20 dB,0.842,0.0,nan,nan,nan,nan,0.04186046511627907,1.0,1.0,0.0,19.563840866088867
475,+20 dB,0.992,0.75,0.9489795918367347,0.9523809523809523,0.05102040816326531,0.6962569952011108,0.7423469387755102,0.9484536082474226,0.9484536082474226,0.05154639175257732,0.6962569952011108
476,+20 dB,0.992,0.8253968253968254,0.9615384615384616,0.9615384615384616,0.038461538461538464,0.6613652110099792,0.7873015873015873,0.9354838709677419,0.9354838709677419,0.06451612903225806,0.6613652110099792
477,+20 dB,0.992,0.8628571428571429,0.9768211920529801,0.9768211920529801,0.023178807947019868,19.545576095581055,0.8171428571428572,0.9685314685314685,0.9685314685314685,0.03146853146853147,19.545576095581055
478,+20 dB,1.0,0.8885017421602788,0.9725490196078431,0.9725490196078431,0.027450980392156862,19.430736541748047,0.8327526132404182,0.9874476987447699,0.9874476987447699,0.012552301255230125,19.303794860839844
479,+20 dB,0.75,0.14285714285714285,0.9375,0.9375,0.0625,20.057334899902344,0.13095238095238096,0.9545454545454546,0.9545454545454546,0.045454545454545456,20.057334899902344
480,+20 dB,0.966,0.0,nan,nan,nan,nan,0.0,nan,nan,nan,nan
481,+20 dB,0.986,0.7376623376623377,0.9507042253521126,0.9507042253521126,0.04929577464788732,0.691025972366333,0.7012987012987013,0.9333333333333333,0.9333333333333333,0.06666666666666667,0.6761956214904785
482,+20 dB,0.926,0.0,nan,nan,nan,nan,0.0,nan,nan,nan,nan
483,+20 dB,0.976,0.7002724795640327,0.9844357976653697,0.9844357976653697,0.01556420233463035,19.364818572998047,0.7547683923705722,0.9675090252707581,0.9675090252707581,0.032490974729241874,19.54807472229004
484,+20 dB,0.984,0.8794520547945206,0.9937694704049844,0.9937694704049844,0.006230529595015576,0.6613652110099792,0.8602739726027397,0.9968152866242038,0.9968152866242038,0.0031847133757961785,0.6613652110099792
485,+20 dB,0.9,0.4444444444444444,0.9602272727272727,0.9602272727272727,0.03977272727272727,19.565563201904297,0.3838383838383838,0.9736842105263158,0.9736842105263158,0.02631578947368421,19.470333099365234
486,+20 dB,0.974,0.3994082840236686,0.9629629629629629,0.9629629629629629,0.037037037037037035,19.54807472229004,0.40236686390532544,0.9558823529411765,0.9558823529411765,0.04411764705882353,19.563840866088867
487,+20 dB,0.95,0.0,nan,nan,nan,nan,0.0,nan,nan,nan,nan
488,+20 dB,0.478,0.31092436974789917,0.972972972972973,0.972972972972973,0.02702702702702703,19.72764015197754,0.2815126050420168,0.9701492537313433,0.9701492537313433,0.029850746268656716,19.596403121948242
489,+20 dB,0.962,0.0,nan,nan,nan,nan,0.0,nan,nan,nan,nan
490,+20 dB,0.972,0.32432432432432434,1.0,1.0,0.0,19.819440841674805,0.3667953667953668,0.968421052631579,0.968421052631579,0.031578947368421054,19.88759994506836
491,+20 dB,0.98,0.5803921568627451,0.8783783783783784,0.8783783783783784,0.12162162162162163,20.039451599121094,0.48627450980392156,0.8225806451612904,0.8225806451612904,0.1774193548387097,20.11768913269043
492,+20 dB,0.898,0.657074340527578,0.9817518248175182,0.9817518248175182,0.01824817518248175,19.704381942749023,0.5947242206235012,0.9758064516129032,0.9758064516129032,0.024193548387096774,19.573440551757812
493,+20 dB,0.98,0.8873994638069705,0.9848942598187311,0.9848942598187311,0.015105740181268883,19.40767478942871,0.8445040214477212,0.9841269841269841,0.9841269841269841,0.015873015873015872,19.40767478942871
494,+20 dB,0.55,0.0,nan,nan,nan,nan,0.0,nan,nan,nan,nan
495,+20 dB,0.996,0.0,nan,nan,nan,nan,0.05309734513274336,0.3333333333333333,0.3333333333333333,0.6666666666666666,69.7217025756836
496,+20 dB,0.994,0.10196078431372549,0.6538461538461539,0.6538461538461539,0.34615384615384615,40.52638626098633,0.10196078431372549,0.6923076923076923,0.6923076923076923,0.3076923076923077,40.44120407104492
497,+20 dB,0.978,0.7253731343283583,0.9794238683127572,0.9794238683127572,0.0205761316872428,19.430736541748047,0.6925373134328359,0.9525862068965517,0.9525862068965517,0.04741379310344827,19.489482879638672
498,+20 dB,0.952,0.4031890660592255,0.9774011299435028,0.9774011299435028,0.022598870056497175,19.509780883789062,0.3735763097949886,0.9512195121951219,0.9512195121951219,0.04878048780487805,19.72091293334961
499,+20 dB,0.978,0.9305210918114144,0.9813333333333333,0.9813333333333333,0.018666666666666668,19.485427856445312,0.9057071960297767,0.9780821917808219,0.9780821917808219,0.021917808219178082,19.485427856445312
500,clean,1.0,0.1958762886597938,0.5789473684210527,0.5789473684210527,0.42105263157894735,40.3065071105957,0.15979381443298968,0.45161290322580644,0.45161290322580644,0.5483870967741935,59.8238410949707
501,clean,0.99,0.9444444444444444,0.9641943734015346,0.9641943734015346,0.03580562659846547,0.5263932347297668,0.9130434782608695,0.9629629629629629,0.9629629629629629,0.037037037037037035,0.5263932347297668
502,clean,0.932,0.2857142857142857,0.9090909090909091,0.9090909090909091,0.09090909090909091,19.818248748779297,0.37012987012987014,0.9210526315789473,0.9210526315789473,0.07894736842105263,19.876991271972656
503,clean,0.984,0.0,nan,nan,nan,nan,0.0,nan,nan,nan,nan
504,clean,0.99,0.9146666666666666,0.9795918367346939,0.9795918367346939,0.02040816326530612,0.514682948589325,0.8986666666666666,0.9703264094955489,0.9703264094955489,0.02967359050445104,0.6352484226226807
505,clean,0.998,0.9588377723970944,1.0,1.0,0.0,0.691025972366333,0.937046004842615,0.9974160206718347,0.9974160206718347,0.002583979328165375,0.691025972366333
506,clean,0.982,0.4452380952380952,0.9625668449197861,0.9625668449197861,0.0374331550802139,19.83050537109375,0.4142857142857143,0.9425287356321839,0.9425287356321839,0.05747126436781609,19.866384506225586
507,clean,0.98,0.8351351351351352,0.9773462783171522,0.9773462783171522,0.022653721682847898,19.509780883789062,0.7810810810810811,0.9480968858131488,0.9480968858131488,0.05190311418685121,19.509780883789062
508,clean,0.988,0.8989071038251366,0.9817629179331308,0.9817629179331308,0.0182370820668693,19.836769104003906,0.8661202185792349,0.9779179810725552,0.9779179810725552,0.022082018927444796,19.836769104003906
509,clean,0.922,0.6064139941690962,0.9759615384615384,0.9759615384615384,0.02403846153846154,10.000025749206543,0.6588921282798834,0.9557522123893806,0.9557522123893806,0.04424778761061947,19.303794860839844
510,clean,0.994,0.808641975308642,0.9885496183206107,0.9885496183206107,0.011450381679389313,19.563840866088867,0.7438271604938271,0.966804979253112,0.966804979253112,0.03319502074688797,19.567285537719727
511,clean,0.996,0.8991825613079019,0.9606060606060606,0.9606060606060606,0.03939393939393939,0.6352484226226807,0.888283378746594,0.9447852760736196,0.9447852760736196,0.05521472392638037,0.6352484226226807
512,clean,0.992,0.0,nan,nan,nan,nan,0.0,nan,nan,nan,nan
513,clean,0.978,0.7522388059701492,0.9880952380952381,0.9880952380952381,0.011904761904761904,19.303794860839844,0.7343283582089553,0.975609756097561,0.975609756097561,0.024390243902439025,19.309110641479492
514,clean,0.996,0.878698224852071,0.9764309764309764,0.9764309764309764,0.02356902356902357,0.5692873597145081,0.8461538461538461,0.965034965034965,0.965034965034965,0.03496503496503497,0.5692873597145081
515,clean,0.996,0.30288461538461536,0.6984126984126984,0.6984126984126984,0.30158730158730157,20.086511611938477,0.22115384615384615,0.6739130434782609,0.6739130434782609,0.32608695652173914,20.12678337097168
516,clean,0.978,0.0,nan,nan,nan,nan,0.0,nan,nan,nan,nan
517,clean,0.958,0.8849104859335039,0.9739884393063584,0.9739884393063584,0.02601156069364162,0.6613652110099792,0.8465473145780051,0.9637462235649547,0.9637462235649547,0.03625377643504532,0.6613652110099792
518,clean,0.972,0.8627450980392157,0.9914772727272727,0.9914772727272727,0.008522727272727272,19.470333099365234,0.8553921568627451,0.9828080229226361,0.9828080229226361,0.017191977077363897,19.470333099365234
519,clean,0.986,0.17307692307692307,0.8666666666666667,0.8666666666666667,0.13333333333333333,19.952945709228516,0.17692307692307693,0.8478260869565217,0.8478260869565217,0.15217391304347827,20.170961380004883
520,clean,0.98,0.8323699421965318,0.9444444444444444,0.9444444444444444,0.05555555555555555,19.937131881713867,0.7514450867052023,0.9384615384615385,0.9384615384615385,0.06153846153846154,19.989273071289062
521,clean,0.964,0.04363636363636364,1.0,1.0,0.0,9.87101936340332,0.08727272727272728,0.7916666666666666,0.7916666666666666,0.20833333333333334,20.129758834838867
522,clean,0.96,0.0,nan,nan,nan,nan,0.0,nan,nan,nan,nan
523,clean,0.986,0.8208955223880597,0.9424242424242424,0.9424242424242424,0.05757575757575758,19.633399963378906,0.7935323383084577,0.9467084639498433,0.9467084639498433,0.05329153605015674,19.596403121948242
524,clean,0.946,0.8760806916426513,0.9835526315789473,0.9835526315789473,0.01644736842105263,19.473567962646484,0.829971181556196,0.9791666666666666,0.9791666666666666,0.020833333333333332,19.473567962646484
525,clean,0.968,0.0,nan,nan,nan,nan,0.0,nan,nan,nan,nan
526,clean,0.986,0.797752808988764,0.9753521126760564,0.9753521126760564,0.02464788732394366,19.545576095581055,0.7359550561797753,0.9580152671755725,0.9580152671755725,0.04198473282442748,19.545576095581055
527,clean,0.97,0.8637532133676092,0.9464285714285714,0.9464285714285714,0.05357142857142857,19.92131805419922,0.8046272493573264,0.9361022364217252,0.9361022364217252,0.06389776357827476,19.92131805419922
528,clean,0.964,0.9189873417721519,0.9090909090909091,0.9090909090909091,0.09090909090909091,19.866384506225586,0.8632911392405064,0.9178885630498533,0.9178885630498533,0.08211143695014662,19.721723556518555
529,clean,0.986,0.8522167487684729,0.9653179190751445,0.9653179190751445,0.03468208092485549,19.80357551574707,0.7881773399014779,0.95625,0.95625,0.04375,19.849655151367188
530,clean,0.94,0.9072164948453608,0.9431818181818182,0.9431818181818182,0.056818181818181816,19.573440551757812,0.8556701030927835,0.9367469879518072,0.9367469879518072,0.06325301204819277,19.573440551757812
531,clean,0.968,0.6795252225519288,0.9694323144104804,0.9694323144104804,0.03056768558951965,19.509780883789062,0.6409495548961425,0.9722222222222222,0.9722222222222222,0.027777777777777776,19.509780883789062
532,clean,1.0,0.38735177865612647,0.7346938775510204,0.7346938775510204,0.2653061224489796,20.294986724853516,0.32806324110671936,0.6867469879518072,0.6867469879518072,0.3132530120481928,39.485389709472656
533,clean,0.98,0.8864864864864865,0.948170731707317,0.948170731707317,0.051829268292682924,19.608665466308594,0.8297297297297297,0.9413680781758957,0.9413680781758957,0.05863192182410423,19.643888473510742
534,clean,0.994,0.8164893617021277,0.9641693811074918,0.9641693811074918,0.035830618892508145,19.573440551757812,0.7819148936170213,0.9659863945578231,0.9659863945578231,0.034013605442176874,19.569005966186523
535,clean,0.994,0.8320413436692506,0.922360248447205,0.922360248447205,0.07763975155279502,19.83050537109375,0.8423772609819121,0.911042944785276,0.911042944785276,0.08895705521472393,19.83050537109375
536,clean,0.988,0.3236151603498542,0.9819819819819819,0.9819819819819819,0.018018018018018018,19.485427856445312,0.3032069970845481,0.9615384615384616,0.9615384615384616,0.038461538461538464,19.485427856445312
537,clean,0.96,0.864951768488746,0.9888475836431226,0.9888475836431226,0.011152416356877323,19.338695526123047,0.8070739549839229,0.9760956175298805,0.9760956175298805,0.02390438247011952,19.338695526123047
538,clean,0.986,0.3962765957446808,0.959731543624161,0.959731543624161,0.040268456375838924,19.96818733215332,0.3723404255319149,0.9785714285714285,0.9785714285714285,0.02142857142857143,19.960567474365234
539,clean,0.994,0.6360294117647058,0.9826589595375722,0.9826589595375722,0.017341040462427744,19.567285537719727,0.6360294117647058,0.9653179190751445,0.9653179190751445,0.03468208092485549,19.670398712158203
540,clean,0.9,0.5710306406685237,0.975609756097561,0.975609756097561,0.024390243902439025,19.832923889160156,0.5710306406685237,0.9804878048780488,0.9804878048780488,0.01951219512195122,19.832923889160156
541,clean,0.976,0.0,nan,nan,nan,nan,0.0,nan,nan,nan,nan
542,clean,0.97,0.48909657320872274,0.9681528662420382,0.9681528662420382,0.03184713375796178,19.832923889160156,0.46105919003115264,0.9324324324324325,0.9324324324324325,0.06756756756756757,19.866384506225586
543,clean,0.988,0.8523076923076923,0.9205776173285198,0.9205776173285198,0.07942238267148015,20.167055130004883,0.8092307692307692,0.9277566539923955,0.9277566539923955,0.07224334600760456,20.25642204284668
544,clean,0.99,0.8507936507936508,0.9664179104477612,0.9664179104477612,0.033582089552238806,19.473567962646484,0.8317460317460318,0.9541984732824428,0.9541984732824428,0.04580152671755725,19.473567962646484
545,clean,1.0,0.9745547073791349,0.8381201044386423,0.8381201044386423,0.1618798955613577,20.27834701538086,0.9389312977099237,0.8373983739837398,0.8373983739837398,0.16260162601626016,20.27834701538086
546,clean,0.996,0.9393203883495146,0.9664082687338501,0.9664082687338501,0.03359173126614987,19.473567962646484,0.8907766990291263,0.9618528610354223,0.9618528610354223,0.03814713896457766,19.470333099365234
547,clean,0.972,0.6456953642384106,0.9641025641025641,0.9641025641025641,0.035897435897435895,19.72764015197754,0.6291390728476821,0.9210526315789473,0.9210526315789473,0.07894736842105263,20.010826110839844
548,clean,0.918,0.8896247240618101,0.967741935483871,0.967741935483871,0.03225806451612903,19.80357551574707,0.7836644591611479,0.9464788732394366,0.9464788732394366,0.05352112676056338,19.989273071289062
549,clean,0.926,0.9712793733681462,0.989247311827957,0.989247311827957,0.010752688172043012,19.638912200927734,0.9399477806788512,0.9916666666666667,0.9916666666666667,0.008333333333333333,19.638912200927734
550,clean,0.938,0.7883597883597884,0.9630872483221476,0.9630872483221476,0.03691275167785235,19.303794860839844,0.783068783068783,0.9662162162162162,0.9662162162162162,0.033783783783783786,19.303794860839844
551,clean,0.972,0.0,nan,nan,nan,nan,0.0,nan,nan,nan,nan
552,clean,0.978,0.15611814345991562,0.43243243243243246,0.4864864864864865,0.5675675675675675,60.078617095947266,0.12658227848101267,0.3,0.36666666666666664,0.7,79.82896423339844
553,clean,0.994,0.8,0.9859154929577465,0.9859154929577465,0.014084507042253521,20.200538635253906,0.6985915492957746,0.9838709677419355,0.9838709677419355,0.016129032258064516,20.14943504333496
554,clean,0.986,0.8803088803088803,0.9429824561403509,0.9429824561403509,0.05701754385964912,19.57072639465332,0.8764478764478765,0.9251101321585903,0.9251101321585903,0.07488986784140969,19.573440551757812
555,clean,0.966,0.4637223974763407,0.9659863945578231,0.9659863945578231,0.034013605442176874,19.72091293334961,0.4384858044164038,0.9280575539568345,0.9280575539568345,0.07194244604316546,19.80357551574707
556,clean,0.97,0.18695652173913044,0.9302325581395349,0.9302325581395349,0.06976744186046512,0.42653322219848633,0.17391304347826086,0.85,0.85,0.15,19.860261917114258
557,clean,0.984,0.8589420654911839,0.9501466275659824,0.9501466275659824,0.04985337243401759,0.59230637550354,0.7858942065491183,0.9391025641025641,0.9391025641025641,0.060897435897435896,0.59230637550354
558,clean,0.974,0.8556430446194225,0.950920245398773,0.950920245398773,0.049079754601226995,19.72764015197754,0.800524934383202,0.9344262295081968,0.9344262295081968,0.06557377049180328,19.72764015197754
559,clean,1.0,0.32432432432432434,0.6388888888888888,0.6666666666666666,0.3611111111111111,39.76839065551758,0.25225225225225223,0.5535714285714286,0.5892857142857143,0.44642857142857145,40.52638626098633
560,clean,0.966,0.6467391304347826,0.957983193277311,0.957983193277311,0.04201680672268908,19.545576095581055,0.5896739130434783,0.9354838709677419,0.9354838709677419,0.06451612903225806,19.545576095581055
561,clean,0.96,0.8270893371757925,0.9651567944250871,0.9651567944250871,0.03484320557491289,19.783140182495117,0.7723342939481268,0.9738805970149254,0.9738805970149254,0.026119402985074626,19.803430557250977
562,clean,0.978,0.22321428571428573,0.88,0.88,0.12,20.133543014526367,0.21428571428571427,0.8333333333333334,0.8958333333333334,0.16666666666666666,20.133543014526367
563,clean,0.996,0.875,0.9542857142857143,0.9542857142857143,0.045714285714285714,19.567285537719727,0.8475,0.9528023598820059,0.9528023598820059,0.0471976401179941,19.563840866088867
564,clean,0.982,0.8104738154613467,0.9538461538461539,0.9538461538461539,0.046153846153846156,19.80357551574707,0.7531172069825436,0.9602649006622517,0.9602649006622517,0.039735099337748346,19.573440551757812
565,clean,0.936,0.7185185185185186,0.993127147766323,0.993127147766323,0.006872852233676976,0.4362306296825409,0.7234567901234568,0.9795221843003413,0.9795221843003413,0.020477815699658702,0.4362306296825409
566,clean,0.988,0.0,nan,nan,nan,nan,0.0,nan,nan,nan,nan
567,clean,0.978,0.0,nan,nan,nan,nan,0.0,nan,nan,nan,nan
568,clean,0.976,0.9710467706013363,0.9885321100917431,0.9885321100917431,0.011467889908256881,0.6613652110099792,0.9621380846325167,0.9930555555555556,0.9930555555555556,0.006944444444444444,0.6613652110099792
569,clean,0.968,0.8538681948424068,0.9832214765100671,0.9832214765100671,0.016778523489932886,0.6113935708999634,0.833810888252149,0.979381443298969,0.979381443298969,0.020618556701030927,0.6962569952011108
570,clean,0.99,0.911042944785276,0.9932659932659933,0.9932659932659933,0.006734006734006734,19.573440551757812,0.9202453987730062,0.9766666666666667,0.9766666666666667,0.023333333333333334,19.573440551757812
571,clean,1.0,0.20168067226890757,0.7708333333333334,0.7708333333333334,0.22916666666666666,20.123027801513672,0.18067226890756302,0.6744186046511628,0.6744186046511628,0.32558139534883723,40.129783630371094
572,clean,0.984,0.0,nan,nan,nan,nan,0.0,nan,nan,nan,nan
573,clean,0.99,0.0,nan,nan,nan,nan,0.0,nan,nan,nan,nan
574,clean,0.994,0.9209809264305178,1.0,1.0,0.0,0.6962569952011108,0.9237057220708447,0.9882005899705014,0.9882005899705014,0.011799410029498525,0.6962569952011108
575,clean,0.982,0.0,nan,nan,nan,nan,0.0,nan,nan,nan,nan
576,clean,0.97,0.8275862068965517,0.7852564102564102,0.7852564102564102,0.21474358974358973,20.355972290039062,0.7453580901856764,0.8291814946619217,0.8291814946619217,0.1708185053380783,20.284786224365234
577,clean,0.998,0.8788659793814433,0.9589442815249267,0.9589442815249267,0.04105571847507331,0.5089026689529419,0.8737113402061856,0.9528023598820059,0.9528023598820059,0.0471976401179941,0.514682948589325
578,clean,0.996,0.22811059907834103,0.98989898989899,0.98989898989899,0.010101010101010102,0.2792085111141205,0.23271889400921658,0.9801980198019802,0.9801980198019802,0.019801980198019802,19.545576095581055
579,clean,0.994,0.9010989010989011,0.9634146341463414,0.9634146341463414,0.036585365853658534,19.473567962646484,0.8763736263736264,0.9592476489028213,0.9592476489028213,0.04075235109717868,19.473567962646484
580,clean,0.97,0.0,nan,nan,nan,nan,0.07913669064748201,0.7272727272727273,0.7272727272727273,0.2727272727272727,19.65717315673828
581,clean,0.984,0.0,nan,nan,nan,nan,0.036827195467422094,0.8461538461538461,0.8461538461538461,0.15384615384615385,20.08301544189453
582,clean,0.978,0.873015873015873,0.9575757575757575,0.9575757575757575,0.04242424242424243,19.70290756225586,0.8544973544973545,0.9473684210526315,0.9473684210526315,0.05263157894736842,19.721723556518555
583,clean,0.986,0.5858585858585859,0.9482758620689655,0.9482758620689655,0.05172413793103448,19.712646484375,0.5353535353535354,0.9433962264150944,0.9433962264150944,0.05660377358490566,19.80357551574707
584,clean,0.968,0.06912442396313365,0.9333333333333333,0.9333333333333333,0.06666666666666667,19.573440551757812,0.14285714285714285,0.9032258064516129,0.9032258064516129,0.0967741935483871,19.573440551757812
585,clean,0.986,0.0,nan,nan,nan,nan,0.022058823529411766,0.6666666666666666,0.6666666666666666,0.3333333333333333,30.175167083740234
586,clean,0.986,0.9470588235294117,0.9813664596273292,0.9813664596273292,0.018633540372670808,0.6962569952011108,0.9294117647058824,0.9746835443037974,0.9746835443037974,0.02531645569620253,0.6962569952011108
587,clean,0.996,0.8571428571428571,0.9305555555555556,0.9305555555555556,0.06944444444444445,19.866384506225586,0.8244047619047619,0.9205776173285198,0.9205776173285198,0.07942238267148015,19.866384506225586
588,clean,0.992,0.9341692789968652,0.9664429530201343,0.9664429530201343,0.03355704697986577,0.6352484226226807,0.8934169278996865,0.9719298245614035,0.9719298245614035,0.028070175438596492,0.6352484226226807
589,clean,1.0,0.3317972350230415,0.625,0.6527777777777778,0.375,39.868221282958984,0.25806451612903225,0.5535714285714286,0.5892857142857143,0.44642857142857145,40.52638626098633
590,clean,0.908,0.09836065573770492,0.9722222222222222,0.9722222222222222,0.027777777777777776,19.80357551574707,0.17486338797814208,1.0,1.0,0.0,19.77356719970703
591,clean,0.976,0.8805194805194805,1.0,1.0,0.0,0.6352484226226807,0.8415584415584415,0.9907407407407407,0.9907407407407407,0.009259259259259259,0.6352484226226807
592,clean,0.982,0.8192419825072886,0.9217081850533808,0.9217081850533808,0.07829181494661921,19.567285537719727,0.7871720116618076,0.8962962962962963,0.8962962962962963,0.1037037037037037,19.834980010986328
593,clean,0.958,0.0,nan,nan,nan,nan,0.0,nan,nan,nan,nan
594,clean,0.994,0.8842105263157894,0.9821428571428571,0.9821428571428571,0.017857142857142856,19.470333099365234,0.7763157894736842,0.9830508474576272,0.9830508474576272,0.01694915254237288,19.470333099365234
595,clean,0.984,0.0,nan,nan,nan,nan,0.0,nan,nan,nan,nan
596,clean,0.99,0.9115853658536586,0.9665551839464883,0.9665551839464883,0.033444816053511704,0.4362306296825409,0.8841463414634146,0.9620689655172414,0.9620689655172414,0.03793103448275862,0.4362306296825409
597,clean,1.0,0.1339712918660287,0.6785714285714286,0.6785714285714286,0.32142857142857145,39.823638916015625,0.16267942583732056,0.6176470588235294,0.6176470588235294,0.38235294117647056,40.42799758911133
598,clean,0.994,0.9042821158690176,0.9554317548746518,0.9554317548746518,0.04456824512534819,0.59230637550354,0.8765743073047859,0.9540229885057471,0.9540229885057471,0.04597701149425287,0.59230637550354
599,clean,0.98,0.7571428571428571,0.9547169811320755,0.9547169811320755,0.045283018867924525,19.836769104003906,0.7,0.9469387755102041,0.9469387755102041,0.053061224489795916,19.819440841674805
